61517f1dee116589b36c742cba2e32b5,North Sydney - Mount Street,940e412f1324b81e7a69abb35c64ac2c,North Sydney - Mount Street
d7e68a0d48f04fbaa78dbc6ed7a28e9e,Osborne FSP Phase 1 Planning,49be889393e8bc93859682a66e1bf521,Track Renewals Maintenance
038a87bac7a9bdb087028b0020374ce3,Hunter Valley - Maitland Office,d8d66bf220f2aaf3315a1d9cb11448ca,Hunter Valley - Maitland Office
aa66106eb734a5ea0bf28f208b3cf1df,SEPA-South Eastern Program Alliance,5992975042d8e0672dcb438e342ba6d4,nan
7db963d60e924dc7681152dd9c6be669,Collins St Office - Melbourne - Level 11,c574c548ceb48ab0da76fad23b0c982a,Track Renewals Maintenance
15f33837fbcf00e39b0144da4c16231b,Victoria - Head Office,c885202c0a1d1c609cfc56ecb36906d9,Brisbane - McLachlan & Ann
8a4be6235c4df70ff23e88de8516f539,RTIO Track Renewals Major Shut,8fe953f31caefd3b76dffad18192f33f,W2B - Portion C Site Office
794aaa9ba371e2e93b6fa56cafd0ee7e,SEPA-South Eastern Program Alliance,e5430e534c8e88b56140be08d86abfb1,SEPA-South Eastern Program Alliance
7eec14cfe38c5eebd02c3b570c3e054e,North Sydney - Mount Street,5d1207b198defeccabe5baf6ddce8d13,North Sydney - Mount Street
7f0a45f5fb2bd3c16a4e2bf5c3604c1d,North Sydney - Mount Street,471b6f1796bfa22340602f55d7c096aa,North Sydney - Mount Street
d933f555520f7923189d70c5e94e0514,CSM - Park Street,6d15b2d4e34d37dc0f83bc084bc40e33,CSM - Central
f39c6d6653abc0a30eea87256265e769,North Sydney - Mount Street,15f33837fbcf00e39b0144da4c16231b,Victoria - Head Office
bdd2a3e6b52886db8ff4b85e4e49dc1b,North Sydney - Mount Street,16533b2009237712d34a5fe514d8fa31,North Sydney - Mount Street
c47dba5b108d21d3837289fb2c2b5ac9,North Sydney - Mount Street,fe060ca69c6d06621019b7d7dc0c2e20,W2B - Portion D Site Office
16533b2009237712d34a5fe514d8fa31,North Sydney - Mount Street,bdd2a3e6b52886db8ff4b85e4e49dc1b,North Sydney - Mount Street
619469cf3fb61ec30adcdfeb336fdfb2,nan,94f72288cdd3eec175935109c1a4baaf,North Sydney - Mount Street
99469a468acb22028e5836996b766a70,North Sydney - Mount Street,54b85e59cdf3ed1c36dc17f301042030,North Sydney - Mount Street
2f7ebd4ecbf1d537062d564da5e3d22b,Larrakeyah Barracks Re-dev,2f7ebd4ecbf1d537062d564da5e3d22b,Larrakeyah Barracks Re-dev
9c9af86324131a73203b5686de1657bd,Engineering Excellence,d09e009af3831145402e3375c786b282,Engineering Excellence
b1eba54c787f14c6358b1a8dd11c5bdf,CSM - Central,27d8dc18d2e293d4decd757d8b7d111d,CSM - Central
8fe953f31caefd3b76dffad18192f33f,W2B - Portion C Site Office,8a4be6235c4df70ff23e88de8516f539,RTIO Track Renewals Major Shut
85caa3b5ee831722a3e71a6e5518ba14,Perth - Burswood,6f5a3e7aef1b606e91f40973a6ae7495,nan
0382e43c0a4a834cbba48c05fc219e41,Victoria - Head Office,9bdcb86ff2da1eb7ddc46deb59f38ff8,CSM - Park Street
e5d962394ae8d64fa31256dc37932db5,Sydney Office - 100 Mount St - Level 20,fa708f3d52b509b275fb0e7dabf60b74,Brisbane - McLachlan & Ann
1ed2a20e1e3f7cdd921a2b44f6d96a75,Flinders Link JV,cf91e4f5d8d0d7defca3b471d32221d2,Perth - Burswood
a52962ecca47fe9d906e95ceb69bdd32,North Shore - Portion 7a,7bfc9fe8a3ddbca442ca5b3253859251,North Shore - Portion 7a
5f2a5de492c1219b82a5581f9ea036e9,Sydney Metro SSJ,29361d27defbac677f74192a75a9622b,Sydney Metro SSJ
2fdae4a775097a99010ef41b246591a6,W2B Alignment,7e689d29e8bcc8bff91364ed382f93b5,W2B Alignment
57dcd06ddfd485589f53708bf44ceb74,TAP - Station Upgrades,57dcd06ddfd485589f53708bf44ceb74,TAP - Station Upgrades
0d66aa728ed33433abb0d57eccc94023,Melbourne Office - HWT Tower - Level 20,0382e43c0a4a834cbba48c05fc219e41,Victoria - Head Office
06ebfd6b17d2b278675d01ab88f3978d,Sydney Office - 100 Mount St - Level 22,54684e1988935bf7752dfeba75483415,North Sydney - Mount Street
5d1207b198defeccabe5baf6ddce8d13,North Sydney - Mount Street,432a6c444614da31adf512dc8098c28d,nan
483a3145ed7eab3bb2a73b108aa124c9,North Sydney - Mount Street,4352d9774024864abdefd05f8d1c78bf,Brisbane - McLachlan & Ann
3dd994af2517d85521310a4f70cdd3aa,SEPA-South Eastern Program Alliance,9f379b6cf244636dcfb3dff7b7949921,Engineering Excellence
379397fe2a07c8cf8aefbd47a0a5ac8f,W2B - Portion C Site Office,118d2d73e40407a36a11150e4051a264,Sydney Metro SSJ
9f379b6cf244636dcfb3dff7b7949921,Engineering Excellence,ad235c7adf3f2960a0d70cd80b74429c,nan
70888130bb954ef1129b2c3454efe0f3,nan,c0b64220bc2579dfe81214d15d35e51e,SEPA-South Eastern Program Alliance
323b981e243a18952a785eaed7e7ab66,nan,bcff8af09a6be0f95561e9e1b782eda8,Dartford
4897b7b08697f4a7e2c7f5fcf3647828,Flinders Link JV,a3f0fcdcc3ced3bda573270360c9e82d,Overhead Electrical Systems Maintenance Services
aca3aa9efe761c6396f356bb0c8e96f0,North Sydney - Mount Street,08d6a4884d07ce0e5b751323db092dbf,nan
9720cf40c177fe0552ffef67b8ccfb94,Overhead Electrical Systems Maintenance Services,01ff0267d33151d52aecaa65bb389aa9,Perth - Burswood
f9a7cae15c8b82ee19cf47e52b9ff6c7,Sydney Metro SSJ,d7e68a0d48f04fbaa78dbc6ed7a28e9e,Osborne FSP Phase 1 Planning
729ea877c427c7291b42aa6627fca572,Track Renewals Maintenance,1060c732d10e65b3c0c371b62663d479,Sydney Metro SSJ
58f92d12bf942711ab42dd264e09492a,North Sydney - Mount Street,a05059341a7a71a0f501faec1bcfac52,North Sydney - Mount Street
9718123e63f07c1fefa5eacbed3248d3,Track Renewals Maintenance,9952441fe8956e374b5e42e547ebfd9d,W2B - Portion A Site Office
49be889393e8bc93859682a66e1bf521,Track Renewals Maintenance,d3bc0f1d95b6b4b1f01eba339ed118f9,CSM - Central
99d74814be397d4ba778165c0172dc67,nan,c3d44f38f369925f6058b4891344d901,W2B- Special Projects
b9d2aa243ee9ba91c03151b521fc8bcf,North Sydney - Mount Street,0c83d19d4928c1c587a386749b88f560,Brisbane - McLachlan & Ann
623e9967c07418596b70d2a1286fe54c,W2B Alignment,5a424fddce2c00e290e5582887d548a3,CSM - Central
d3bc0f1d95b6b4b1f01eba339ed118f9,CSM - Central,c206327c2935d2a403d41292bf55fe79,Osborne FSP Phase 1 Planning
c3d44f38f369925f6058b4891344d901,W2B- Special Projects,794aaa9ba371e2e93b6fa56cafd0ee7e,SEPA-South Eastern Program Alliance
c574c548ceb48ab0da76fad23b0c982a,Track Renewals Maintenance,57cc0969cc6dbc6c821ef4565b5cf17b,North Sydney - Mount Street
be20116d5a1de68aa18d200a42c2ec68,CSM - Central,bf3fce3be243f13f9a328ff93342b75c,Select (Stapylton)
c206327c2935d2a403d41292bf55fe79,Osborne FSP Phase 1 Planning,d933f555520f7923189d70c5e94e0514,CSM - Park Street
39d69ebbea519687061182a90e1d5332,SEPA-South Eastern Program Alliance,031e8cf72ac1bf48e2ad214cd0e24c65,Novo Rail Alliance
57cc0969cc6dbc6c821ef4565b5cf17b,North Sydney - Mount Street,5cac819ca2594e2e70e2fda9df24c106,Victoria - Head Office
c3f4c776997332bcd11723388a6c848d,Perth - Burswood,82108d4eb37a074fb0b7ba8ea04a21d4,Sydney Metro SSJ
6d15b2d4e34d37dc0f83bc084bc40e33,CSM - Central,2d1995dae6a7e52901a15a5fedf70e38,Sydney Metro SSJ
0b4b7093cef306ab71c293117ebbe685,North Shore - Portion 7a,3eebd8d4368e9da1450837db0c53a954,North Sydney - Mount Street
00c13ceb85481dd47fd83a5a6940627f,Osborne FSP Phase 1 Planning,fadb64b21e2c39bc7cfb6b153f0092e0,Brisbane - McLachlan & Ann
2d1995dae6a7e52901a15a5fedf70e38,Sydney Metro SSJ,89144a02aeb11eeb4e1659a22508b67f,CSM - Central
ecd64763822f4e061d9980c729bbbef3,nan,23c482ca5439d1fdf75ce388e5a66d76,nan
aaac9c35151afe9c44935c163fa31250,North Sydney - Mount Street,0f2d3e5803fbf4d7061a5af7f41e9bd0,North Sydney - Mount Street
e673d945c2e77bb4a572230e50842010,SEPA-South Eastern Program Alliance,9720cf40c177fe0552ffef67b8ccfb94,Overhead Electrical Systems Maintenance Services
b609a497098bbb82138955763f75057f,Victoria - Head Office,75eb6dd639a9551251414f58635b8479,North Sydney - Mount Street
2e7302e7496d93cd7a1afa42504588b5,CSM - Central,2dc80ee9346748949934201eb77b75c4,USYD ETP Precinct
a77289cc2f35472426e8e4e0eef7fb05,North Shore Corridor Works,77ecb5c89b8a2d54158d33d88c0acf84,SEPA-South Eastern Program Alliance
75eb6dd639a9551251414f58635b8479,North Sydney - Mount Street,524246c6084e0cfc6aa3a04f22d3f680,Victoria - Head Office
3a1fbb104937a6390d1899d084ba40d4,Overhead Electrical Systems Maintenance Services,6cb1c469b2e1db17310580acdd013f53,Track Renewals Maintenance
0f2d3e5803fbf4d7061a5af7f41e9bd0,North Sydney - Mount Street,3754d125ba32f25cbf579c94cf8c167b,CSM - Central
2dc80ee9346748949934201eb77b75c4,USYD ETP Precinct,9407039d2fd34ecaddc7ffdc97b54808,Select (Stapylton)
77ecb5c89b8a2d54158d33d88c0acf84,SEPA-South Eastern Program Alliance,ab7898b64495b239d26182f9f4951504,W2B - Horizontal Packages
dbc59e3f71d66ce686cd0deb254317ea,W2B - Horizontal Packages,a2562ed1d7fa07c41fa0565f990225d2,CSM - Central
416583adaba525dc0d40781f292ec72f,Track Renewals Maintenance,4f8f1718051b09adccedb43743becf57,North Sydney - Mount Street
97e090f90d2db18dc6c456d5c1eeb489,CSM - Central,dbc59e3f71d66ce686cd0deb254317ea,W2B - Horizontal Packages
63bd55df75c3edc2742d119336e103b7,North Sydney - Mount Street,2c4bc6f4c1f41bef8157c85e9efd2a97,W2B - Grafton
1edd4a8e0a7378ece3f560d30446cc7b,W2B - Grafton,c8a46afc5e023045cb8c25e68fe699a8,nan
a2562ed1d7fa07c41fa0565f990225d2,CSM - Central,194f2e284abb74ea522dc69775ff4904,nan
4dce2f95c0a42732ccd5b64bf169eec8,North Sydney - Mount Street,5dcbe5b1dffc2e5a6fb301b778fc308a,Darlington Upgrade JV
524246c6084e0cfc6aa3a04f22d3f680,Victoria - Head Office,1e612ecd7c0741332df817a5be24f8a8,Perth - Burswood
9bdcb86ff2da1eb7ddc46deb59f38ff8,CSM - Park Street,23703b44c206fa31e1d91c9299230720,Engineering Excellence
04b252ee17a06c618413327ed7a7acc6,W2B - Grafton,1ed2a20e1e3f7cdd921a2b44f6d96a75,Flinders Link JV
a11cf84b44032111ea59fd66c6c364eb,TAP - Station Upgrades,1ebb1461b44631f1425af36d851e5013,Perth - Burswood
e3d8408827651d640610b4c7614dd8dd,CSM - Central,f06249322fef71da795109c57ff791fe,Hunter Valley - Maitland Office
194f2e284abb74ea522dc69775ff4904,nan,b8d3fcb5db1a01171bf67b813cd2851a,Hunter Valley - Maitland Office
290b8ab33a40e3c994db0776199fe283,Darlington Upgrade JV,15f19c10adf2b5c31d1c38f09784edb4,CSM - Central
3eebd8d4368e9da1450837db0c53a954,North Sydney - Mount Street,b1eba54c787f14c6358b1a8dd11c5bdf,CSM - Central
d09e009af3831145402e3375c786b282,Engineering Excellence,e673d945c2e77bb4a572230e50842010,SEPA-South Eastern Program Alliance
77662e1ec6677f58070b83918f069aa3,Darlington Upgrade JV,bae3df547f8cde964ec79c8d142462d3,Sydney Metro SSJ
b3358baf2f51b1f2affbce198665355a,Perth - Burswood,e1a30521bea0ef3e34160394715a483f,Brisbane - McLachlan & Ann
9b7c6284f8f021c13e5939bbf44e3e31,Track Renewals Maintenance,3982902696274115220cdaf76494d285,RTIO Track Renewals Major Shut
f06249322fef71da795109c57ff791fe,Hunter Valley - Maitland Office,a5875cb23cf07a266835a2eed185bfa1,nan
d4430de2201058a535dad046028a2c60,nan,9e5e175e320cceaba98fa189e2d2d73d,W2B- Special Projects
29361d27defbac677f74192a75a9622b,Sydney Metro SSJ,c3657c69825f984569fa4a5182097972,Brisbane - McLachlan & Ann
b8d3fcb5db1a01171bf67b813cd2851a,Hunter Valley - Maitland Office,ecd64763822f4e061d9980c729bbbef3,nan
15f19c10adf2b5c31d1c38f09784edb4,CSM - Central,6c214bff101c8d6113a768a70ac8a737,nan
9fe908a73efd3e278444b150fa2f6fa1,CSM - Central,7f0a45f5fb2bd3c16a4e2bf5c3604c1d,North Sydney - Mount Street
43df482c7fa9570af5304819d6a9d0e8,SEPA-South Eastern Program Alliance,d393219d7e33dcd26ef7c39057d77056,RTIO Track Renewals Major Shut
f2cb255d7a43ce1e8075eff99b5d083b,University of Sydney Project,3c88834a78ee77f589e69a372656a7f1,Track Renewals Maintenance
82108d4eb37a074fb0b7ba8ea04a21d4,Sydney Metro SSJ,b549ac598d63e6f89c437081b9f9a6b4,RTIO Track Renewals Major Shut
6e5c73ded32c5d4115d712151207680f,Track Renewals Maintenance,8bfc9eef846563693dfc7c37609b2343,Victoria - Head Office
d374496e65e0460bf44c62f713104590,RTIO Track Renewals Major Shut,299edadcdfdddcb3868a78a24b026ff1,CSM - Central
8318da2082c140a248c39bb99a4188a2,Engineering Excellence,63f5f8cc2aabf9c9d2a39b42423962eb,CSM - Central
56e18efe2118403015aea5ba05d8b9cf,Sydney Metro SSJ,8df92343f6970159a02394b345f1dc6c,Perth - Burswood
9e5e175e320cceaba98fa189e2d2d73d,W2B- Special Projects,088216ecb06981298f1e25950c343560,nan
ad235c7adf3f2960a0d70cd80b74429c,nan,0d8d4f74ae0e450619b6607c999a2164,CSM - Central
c3657c69825f984569fa4a5182097972,Brisbane - McLachlan & Ann,6e5c73ded32c5d4115d712151207680f,Track Renewals Maintenance
2ab3478eb7e5e199983056cfe24c4b94,Sydney Metro SSJ,617d028ffb5cde4add624ffed2362af6,nan
4dc17ff2468ed5220c9d80fed3cb26de,nan,d39d40d457f9449c40bfced52c5b1947,Perth - Burswood
8f09944c02a918a9fbf50627684a56c3,CSM - Park Street,4597b4b5003c5635444e21fb81fbd950,BHP ASSET PANEL – LOWER LEVEL BRIDGE REPLACEMENT D&C
8df92343f6970159a02394b345f1dc6c,Perth - Burswood,2b7f81e6981586286a57565e9109096c,Sydney - Homebush Office
b33d6643573dcd241e306fb722481d48,Track Renewals Maintenance,cbe982629afe49bca6aad8a534b5f4b3,North Sydney - Mount Street
f4b59e3febe8b2a7ab92039f77bf2640,RTIO Track Renewals Major Shut,a714d776f213d299f271c3e0524e6d2d,nan
fc04a61a789841b20967ad6d6c2c1d61,Victoria - Head Office,5ac8c28414734bf890aaf074ea7b1680,Austrak (Geelong)
299edadcdfdddcb3868a78a24b026ff1,CSM - Central,7015ff69a83711e29019e582f6dafbd6,Track Renewals Maintenance
63f5f8cc2aabf9c9d2a39b42423962eb,CSM - Central,edeec54e661aaa89dc382d260723ca5d,CSM - Central
51cb9a6c9ade77bc9ce77804f26072d1,RTIO Track Renewals Major Shut,f9f8c8953fc6fb43fd5df91fe6cdafe1,SEPA-South Eastern Program Alliance
118d2d73e40407a36a11150e4051a264,Sydney Metro SSJ,f39c6d6653abc0a30eea87256265e769,North Sydney - Mount Street
0d8d4f74ae0e450619b6607c999a2164,CSM - Central,d76ebce13675a8417b7162ee5a79da2e,North Sydney - Mount Street
cef98c799b759c58d6fae0655bb523e5,Track Renewals Maintenance,cdeca82e78c9bfe6a10498fa66d010d8,Sydney - Homebush Office
e5beac86f7cc0fb5fb43f7a00cc768b8,nan,a827aca2f7fd07936f7ce0fadc2bdd6e,North Shore - Portion 7a
6c07d70bfed6105b0699e5d8ef1f5029,W2B- HATOPS,5747ed4765b1aedcc2aa43748d510b83,Wemen Solar Farm
edeec54e661aaa89dc382d260723ca5d,CSM - Central,c3b5a97844ed191d565083395fb93b40,North Sydney - Mount Street
db2bce450aa8031c1e0e138c8c9b1c4f,North Sydney - Mount Street,77662e1ec6677f58070b83918f069aa3,Darlington Upgrade JV
2b7f81e6981586286a57565e9109096c,Sydney - Homebush Office,9d3191d6812b7eba8b81f1dd247962c1,ACT Law Courts Project
cbe982629afe49bca6aad8a534b5f4b3,North Sydney - Mount Street,2a19c86bd4e2ef2302101c92c4b3ea3c,North Sydney - Mount Street
d1ae5cfbe83d7d43033aa22599182105,Brisbane - McLachlan & Ann,2fdae4a775097a99010ef41b246591a6,W2B Alignment
36cf5e7c334c007407e24d69db2dba27,Sydney Metro SSJ,ddf83135f763902affb0e9e57e8f6883,Brisbane - McLachlan & Ann
2e934495db3ed83cd01835e0ecc6ac8c,Austrak (Geelong),543f869d5b4d99aaf26d56adb61928a9,Perth - Burswood
8b926b9b57d77b79f397e9822f49be30,Track Renewals Maintenance,fa07ce29d7e15dd767a1217af078b571,CSM - Central
2bfa205a7f785ebdc58df3bec44d5a03,CSM - Central,2e7302e7496d93cd7a1afa42504588b5,CSM - Central
23703b44c206fa31e1d91c9299230720,Engineering Excellence,fc04a61a789841b20967ad6d6c2c1d61,Victoria - Head Office
09d9a3499ae155c78151cd19cf39fbed,North Sydney - Mount Street,e2cc17652c076aa22f2824042e3e1bc1,nan
54b85e59cdf3ed1c36dc17f301042030,North Sydney - Mount Street,6746bea26b62ff2cf7e8d6329b42ec22,Perth - Burswood
e0a1946624147ad3247cbf2d98825f72,Sydney Metro SSJ,c71313181229995f7502a0f639054108,Battlefield Airlifter Project
71b0740e104af99e9a6472c079341d6e,Perth - Burswood,68c0e783640845fb240ecaa10b63a13a,Brisbane - McLachlan & Ann
33a568afef5a6d116ff9e39d9cf09c56,Victoria - Head Office,33cd22e96ed1592e6ba94782b3fe2827,Perth - Burswood
cdeca82e78c9bfe6a10498fa66d010d8,Sydney - Homebush Office,f78a9e895ef3a181703bb49585800ed0,Brisbane - McLachlan & Ann
35a4ea8cb82d6d2c59f2f8c08dfc096f,Sydney - Homebush Office,153fe1d6762046e94568f53b0389ed9c,Brisbane - McLachlan & Ann
214ba69c399c8c416fec37981f7bf069,Clermont Solar Farm,94804b9ebadce883b9ce245510ee2e14,Brisbane - McLachlan & Ann
c3b5a97844ed191d565083395fb93b40,North Sydney - Mount Street,58f92d12bf942711ab42dd264e09492a,North Sydney - Mount Street
b549ac598d63e6f89c437081b9f9a6b4,RTIO Track Renewals Major Shut,bc57bf28ce8aed4f92f47f3be5590f7b,Austrak (Rockhampton)
9d3191d6812b7eba8b81f1dd247962c1,ACT Law Courts Project,b18b9841357982930a5c8baf33ebdd1c,Brisbane - McLachlan & Ann
2a19c86bd4e2ef2302101c92c4b3ea3c,North Sydney - Mount Street,2e934495db3ed83cd01835e0ecc6ac8c,Austrak (Geelong)
834efae310928fbe225434a78a8c8dc0,W2B - Grafton,db2bce450aa8031c1e0e138c8c9b1c4f,North Sydney - Mount Street
63dfd0c24013a38943077d9a93874437,Sydney Office - 100 Mount St - Level 21,f64fdc92067332b23acb52990e3cabba,nan
5dcbe5b1dffc2e5a6fb301b778fc308a,Darlington Upgrade JV,cf2d5196861e7dcb14ce4abdde8261dd,Perth - Burswood
c0c3d82aee74aa093b4d43206056b8fa,North Sydney - Mount Street,5b4d87a53eaad69306ef6afb4a55adca,Brisbane - McLachlan & Ann
752a95872ffb455fa9f0e6cdf235d33b,SEPA-South Eastern Program Alliance,8c170b2401bec172f92100ad7fcc2278,Larrakeyah Barracks Re-dev
8a7eb46cff3a101db1e3dc2d947db3d3,CSM - Park Street,63bd55df75c3edc2742d119336e103b7,North Sydney - Mount Street
3f878bffc8284f15c02a851095fb6bcf,CSM - Park Street,9591944b2d2aa685018798dc9e7f5525,BHP ASSET PANEL – LOWER LEVEL BRIDGE REPLACEMENT D&C
90324403733ad388c175b33fd88838a5,Track Renewals Maintenance,90415ae118294825dd43ea9ba915c8e8,North Sydney - Mount Street
e3d245012e9a74775d146e9899f2fbd9,CSM - Central,0e19c2bf6df0e7201da2760727ca54c9,Brisbane - McLachlan & Ann
89ec62154bbf3db57c459a96a13c8f3c,Sydney Metro SSJ,d3b5204085eaad648e9af7a682b27024,North Sydney - Mount Street
4352d9774024864abdefd05f8d1c78bf,Brisbane - McLachlan & Ann,4dc6bf1b4580ba883394a821128ed4aa,Brisbane - McLachlan & Ann
73343959a25c176d7f45b8f9e28cff1e,Battlefield Airlifter Project,65ea3ece7056d4c8319c4824c3de070e,Dartford
e39748bfcced812b2ad2c5091a7d78ab,Perth - Burswood,3cff7d40a9cfee30360a6cdc176eef26,Brisbane - McLachlan & Ann
01ff0267d33151d52aecaa65bb389aa9,Perth - Burswood,73343959a25c176d7f45b8f9e28cff1e,Battlefield Airlifter Project
1ebb1461b44631f1425af36d851e5013,Perth - Burswood,82700141b717ddee5f1d2464927bff29,BHP ASSET PANEL – LOWER LEVEL BRIDGE REPLACEMENT D&C
c0524fc45113144bcb56435870113fd5,Perth - Burswood,421649db433a31039ec50841b413cf3b,Brisbane - McLachlan & Ann
b18b9841357982930a5c8baf33ebdd1c,Brisbane - McLachlan & Ann,f473f2c8d3ea8059447a8c7dbd9d42e3,SEPA-South Eastern Program Alliance
21050b23dad308342c6a4625ec1101d2,Brisbane Airport Corporation,aaac9c35151afe9c44935c163fa31250,North Sydney - Mount Street
94804b9ebadce883b9ce245510ee2e14,Brisbane - McLachlan & Ann,9b668b3506e9328aa3c0974d260858fb,Osborne FSP Phase 1 Planning
fa708f3d52b509b275fb0e7dabf60b74,Brisbane - McLachlan & Ann,fb2e432a785ee1636af0015dc711c0d0,Brisbane - McLachlan & Ann
82b671ab5a83e3e15d32b45d8a346a26,Central Station Site Office - First Floor,ad8fed3f47a0e4ec199ea593994d9441,Perth - Burswood
37096e80d75989b923764e9bd6696498,North Sydney - Mount Street,6c07d70bfed6105b0699e5d8ef1f5029,W2B- HATOPS
e0fcdb13f42708d637cae11b7eca5d85,Brisbane - McLachlan & Ann,0485f59d8fd7d2be224c356280b0f99a,University of Sydney Project
1e612ecd7c0741332df817a5be24f8a8,Perth - Burswood,a4566b655c6965e27ee688a2fd2ae713,Perth - Burswood
543f869d5b4d99aaf26d56adb61928a9,Perth - Burswood,17077dc980b38d6538ae0483e127354c,W2B- Special Projects
8334b8d3f47c181a9b6702f8e9772ad6,Brisbane Office - M & A - Level 3,a3a2c7a475dae4862f38415bba028c41,ACT Law Courts Project
c885202c0a1d1c609cfc56ecb36906d9,Brisbane - McLachlan & Ann,2d95465ba61ff536a96c7fcfe0c2d354,CSM - Central
39fc93ff61e35002f6066ccb59f3c42a,Austrak (Rockhampton),10b236aa82b5e8029ea09912ec29ccd3,North Sydney - Mount Street
c8612eac0a30ea9cb7271f9cd56ff423,Brisbane - McLachlan & Ann,2a8b50fdb9e3a3ff4e22eb9d3b3a7e47,nan
5ac8c28414734bf890aaf074ea7b1680,Austrak (Geelong),bf37aed1d256fe04a236b18e944e18cc,North Sydney - Mount Street
4b50f2f8529687b5413cc39f34e98673,Armadale Road,c3f73b0163ca5ab93d323846bb82d495,Select (Stapylton)
33cd22e96ed1592e6ba94782b3fe2827,Perth - Burswood,17f47b1783253f24599c567709ff4283,University of Sydney Project
14e5c512516622a90e0a621c56a5605e,Video Conference Bridge 10,db81b5d7d6b436e49da9ecaf8c3d03ea,Sydney Metro SSJ
4597b4b5003c5635444e21fb81fbd950,BHP ASSET PANEL – LOWER LEVEL BRIDGE REPLACEMENT D&C,d699ae7aa2f9aaf5ec425d513535677d,North Sydney - Mount Street
5b4d87a53eaad69306ef6afb4a55adca,Brisbane - McLachlan & Ann,bdef390bf521496ce791bb1650692ab7,University of Sydney Project
0ab4fbaeaef80bbd0277ea9e8d4ff183,Larrakeyah Barracks Re-dev,9419850900f10f2827d73e3b3682ca77,W2B - Portion A Site Office
c74ac2ef1d2080e3eb87a495acd00078,Brisbane - McLachlan & Ann,82fb2223135da40c83bed81d8501dc5c,Hunter Valley - Maitland Office
8c170b2401bec172f92100ad7fcc2278,Larrakeyah Barracks Re-dev,be20116d5a1de68aa18d200a42c2ec68,CSM - Central
36009d9dda4331e190822e75963817c7,Video Conference Bridge 23,35fb20b1a512b45d3ab8db1f6643514c,W2B - Portion B Site Office
421649db433a31039ec50841b413cf3b,Brisbane - McLachlan & Ann,73f555236cd795a2a59392b74cdf4b44,nan
9407039d2fd34ecaddc7ffdc97b54808,Select (Stapylton),8e6dd51df87bb33e662e5c3e4e5b5405,CSM - Park Street
ddf83135f763902affb0e9e57e8f6883,Brisbane - McLachlan & Ann,c236d11d310c20afa929973898748290,W2B
091a64081c4b6f8c5eddc9f79aa0b519,Perth - Burswood,56e18efe2118403015aea5ba05d8b9cf,Sydney Metro SSJ
5e9a72435da952de73d7e64a42c2e464,Brisbane - McLachlan & Ann,7eac08bc5cb112f3e8b87dbe1c10a75f,Victoria - Head Office
0e19c2bf6df0e7201da2760727ca54c9,Brisbane - McLachlan & Ann,989cce0c9d1000ba5749735ee2278e67,Hunter Valley - Maitland Office
aae2177012d0197e811ece716f388346,W2B Alignment,e314f8dcd940141d02c2a5c633a8eb6c,W2B - Portion D Site Office
8c165baff14bdf827935e61913a81ca9,Video Conference Bridge 01,2ab3478eb7e5e199983056cfe24c4b94,Sydney Metro SSJ
8809b5abcd475a88d611745bf5e8a9b8,Brisbane - McLachlan & Ann,34d72e14024252073ecbb913b137921e,North Sydney - Mount Street
4dc6bf1b4580ba883394a821128ed4aa,Brisbane - McLachlan & Ann,f466c890f1eec62e527c4e97e615b867,Sydney Metro SSJ
7a0af5826097e45d05e86cf765d5c892,Brisbane - McLachlan & Ann,83366dfc0de49f259ee30a9f49fef946,USYD ETP Precinct
d393219d7e33dcd26ef7c39057d77056,RTIO Track Renewals Major Shut,512a11a4828ff0a58e34aa7bc9e855b3,Perth - Burswood
bd75299406ba9bd6501de8492ebdc5c5,Video Conference Bridge 18,5d5ecae584cf9214786c74dde91c8008,Brisbane - McLachlan & Ann
7e689d29e8bcc8bff91364ed382f93b5,W2B Alignment,3b2615860000629dcddce0cee136498e,Northlink Stage 2 - BGC Office
f4d49df8c6463cba9a364ee72562d59c,Perth Office - Burswood,6a3bc75fb4717ecaa169f56e25dcf8a8,North Sydney - Mount Street
3f579ba537196903397f3ad94b95ee9c,Video Conference Bridge 16,47732bec5e166e79c3ac8ce88c46e076,Dartford
3cff7d40a9cfee30360a6cdc176eef26,Brisbane - McLachlan & Ann,89ec62154bbf3db57c459a96a13c8f3c,Sydney Metro SSJ
a0d64ef213de6ff2a2b0c1588d9a5dba,Battlefield Airlifter Project,7ad48ee77ff077de43b8ac0eb3dd313b,North Shore - Portion 7a
9591944b2d2aa685018798dc9e7f5525,BHP ASSET PANEL – LOWER LEVEL BRIDGE REPLACEMENT D&C,842965f6cf2056a805df2dffb4481def,North Sydney - Mount Street
894b77c1b20dfbd1d8c72f60999ca14c,Brisbane - McLachlan & Ann,a6b145fbdac26521571c1579be9f8b82,North Sydney - Mount Street
526ddbfc7fe3f8a18589cab5730ff4d7,SEPA-South Eastern Program Alliance,2a89b7a79e24ba2b82ec0ebbba10fef2,CSM - Central
0c83d19d4928c1c587a386749b88f560,Brisbane - McLachlan & Ann,085e4119c46e58d7bd8e62e4957f261a,Dartford
ad026238b836ffb694ebed7bf4964384,Osbourne North Project - Wayville,5590f245f6fcfc5580c12c83d7e96e0f,North Sydney - Mount Street
9b668b3506e9328aa3c0974d260858fb,Osborne FSP Phase 1 Planning,c9038e174399b6d8060ff47d9e12032f,Parramatta Light Rail Stage 1
0b65b1022cba4d04ddd1067345b553db,Perth - Burswood,0cf653355e44abca20209827c90101e6,Brisbane - McLachlan & Ann
d39d40d457f9449c40bfced52c5b1947,Perth - Burswood,cdf23c2d4441aa68cc08299a369d81bf,nan
1f284d7df74531fda213408c748912ca,University of Sydney Project,8193c12ca1dd3902487f70105bf2ab2e,W2B
a4566b655c6965e27ee688a2fd2ae713,Perth - Burswood,f9bf25d94da70990aeba4feec7baf685,SEPA-South Eastern Program Alliance
ed9470ee304c7dee5d5d5f434d497e68,Brisbane - McLachlan & Ann,856231df84a2fb0c7e550830a4faa63f,Northlink Stage 2 - BGC Office
406f74a98fe3a5b5a3200da94cc32ab9,North Sydney - Mount Street,13b0193a8c2e298b5b723fb15ddda195,Larrakeyah Barracks Re-dev
f9f8c8953fc6fb43fd5df91fe6cdafe1,SEPA-South Eastern Program Alliance,99469a468acb22028e5836996b766a70,North Sydney - Mount Street
0367a392f789dae3ee3e55e9e23c5f71,W2B Alignment,bbe6557e15508e885c5bbb74dff965e0,Hong Kong - 810B
a2b2d619bfe524d0caec0a1145758caf,Select - Laverton,54926c2dd5a7433327e970c1c1e78566,CSM - Central
b8a5623853ed881a130ba83a73c249a4,Collins St Office - Melbourne - Level 11,623711cc9a2640310112a1e44f7e9d87,RTIO Track Renewals Major Shut
5f5feecd314e42ed8dd75fb1339c9b11,ACT Law Courts Project,647b484181f5a47a689c8360f80784c2,nan
1640df95aa2eb2fb7045d0898839f9d3,CSM - Central,09d9a3499ae155c78151cd19cf39fbed,North Sydney - Mount Street
562cfdd79531f8009bf661f4a19f302c,CSM - Central,aca3aa9efe761c6396f356bb0c8e96f0,North Sydney - Mount Street
bafd790f173463c76828851fb1b13c73,W2B - Horizontal Packages,b4e73a03de020faa96b945dc61bd256d,North Shore - Portion 7a
42ca2d29bdfe06c0f428003f2bc38518,BHP ASSET PANEL – LOWER LEVEL BRIDGE REPLACEMENT D&C,90a63b4ac6fb6b4cd0c9c7529927c5ff,Select (Stapylton)
d177cd9576d88977a189d09a41e7b4de,Select - Laverton,e3d8408827651d640610b4c7614dd8dd,CSM - Central
8de42324a2f6f498e845776f9fdec3e0,University of Sydney Project,2ff0e3adcccebcbeb2d419a2b2b13815,nan
d1889ee1e0435d7f3e0211064508aa85,CSM - Central,1f284d7df74531fda213408c748912ca,University of Sydney Project
bdef390bf521496ce791bb1650692ab7,University of Sydney Project,a1bd5472a1b4ef8f8ca79a1d352064c3,CSM - Central
2e4ff128299e4ac2eefdce6666e08f24,SSJ Office - Marrickville,e11f0eb7c030cc46b7c7a3d8494ae518,nan
a0095aa56f4eff9f0a1e3e6fb77b7b42,North Sydney - Mount Street,bdfb77e9207012c155b76cd620b3d004,Brisbane Airport Corporation
a6da3c693929a2521cccb730efdfbeca,University of Sydney Project,399c72490f8195063b4ca6b5f945db38,nan
765c99bf8ad0425d793efeadc3c00db7,W2B - Portion A Site Office,5943bf69494427248803f467b4a020d6,nan
97582fad53ac14a5e37507d2f21325d2,Hunter Valley - Maitland Office,f27071ce3b1bcde4bb2ef6c2276a7eaf,Hunter Valley - Maitland Office
8b0102a5d9138ba335264ff4fd9579c7,CSM - Central,9793c0e579daa7b6f22a195b75c9f656,Armadale Road
7ca0c5e09c22180f285e3f09515bdbd0,W2B - Portion B Site Office,2f43d6f74400640558a8b288644ea7b1,CSM - Central
94cc266617db423eaa812631ad69f277,North Sydney - Mount Street,9675ad03bc8d519f0085f12be2f3d316,TAP - Station Upgrades
e90ef13bd80470c6ce8e1463b8a6dddb,CSM - Central,87ae51e522388bcbc71b13476b1bfb7b,Glass Reinforced Concrete
894e2601160e4f01e25392f2157dd9c6,W2B,8f09944c02a918a9fbf50627684a56c3,CSM - Park Street
088216ecb06981298f1e25950c343560,nan,8a7eb46cff3a101db1e3dc2d947db3d3,CSM - Park Street
d335bf4ff607c28716a82fb44d4a1fe1,Track Renewals Maintenance,86d9993fc799f3a28946ea7e219ff2a4,University of Sydney Project
e3f0451b89edb6ef31658c1984805f0a,SEPA-South Eastern Program Alliance,c1e9d0e0ee46a2162a49e5cdc61b2155,Brisbane - McLachlan & Ann
0512b72c05a934679d0814d16ed25d95,Hunter Valley Rail Operations,4cbc8a772380ce2c613d58642ed9a60f,North Sydney - Mount Street
fe060ca69c6d06621019b7d7dc0c2e20,W2B - Portion D Site Office,a11cf84b44032111ea59fd66c6c364eb,TAP - Station Upgrades
884429888181f3d1a394b9e84be20d81,SEPA-South Eastern Program Alliance,72ab76efdd5fbd4a4bb54c4428f1200d,CSM - Central
c5372498772ccce9435aa39a3591bfe6,Track Renewals Maintenance,f6f1fe1da3ffa30ef819a40232a964a7,CSM - Central
8b26cb4b3115dac5458b2bc99e3f9cab,Victoria - Head Office,37668e9992bfde32925c190841bb2fef,SEPA-South Eastern Program Alliance
c0b64220bc2579dfe81214d15d35e51e,SEPA-South Eastern Program Alliance,521cfe9129f5282b69a1e7f8a52b8a64,Engineering Excellence
fcbdd907d6a0959b530437428795b152,Sydney - Homebush Office,2e26c371545331abe588a64867057b54,Brisbane - McLachlan & Ann
9d9877868552485939dca04527ad1eec,Sydney - Homebush Office,9521354ee94b9dab119d0803fff90b24,BHP Asset Panel - Goldsworthy Northern Demolition
34d72e14024252073ecbb913b137921e,North Sydney - Mount Street,1d4b914284cd9bbf6fba181402aa9c26,USYD ETP Precinct
64c2d802256e27ea68afd04dc5f2b120,Sydney - Homebush Office,aa2a9a138d3245c0723d88990d616482,Sydney - Homebush Office
d8e6fa74c63dd298c65b964e0381a550,Sydney Metro SSJ,847c2a8c8a2e1dee638166530ac73260,North Shore - Portion 7a
bc3771efaba8e0e3778a3e3944310fdc,University of Sydney Project,d0fb908db55b49bf641fec0df10cf494,North Sydney - Mount Street
7108706a24cad007a0b8ce69d2396506,Perth - Burswood,f9a7cae15c8b82ee19cf47e52b9ff6c7,Sydney Metro SSJ
a74f1a012f9e85ef83cd86f4842b04a1,Brisbane - McLachlan & Ann,8f90abee543d6bd7e22dffcd8efe3d10,North Sydney - Mount Street
6d26774a5c7cc67a3ab306ddd6edcf1e,Northlink Stage 2 - BGC Office,47e0071e14b15395cd64b3bcd612545f,North Sydney - Mount Street
7b6fb29a3e3de9a13d033d4f6724cbca,Engineering Excellence,9d9848081bfa7df90b158702d2e2affd,SEPA-South Eastern Program Alliance
aefb9fe23f49458d57c9f7390b7032a6,Sydney Office - 100 Mount St - Level 20,ec8067bcde7f8c19d75f0c415f9db48e,W2B - Portion D Site Office
0caa98d3ffd52303c4f642d5f80da9ab,North Sydney - Mount Street,2040a0c308b0cdddfdb7ccd4826e5f63,W2B
e00fd000ab179c9728f5ae363b2827bd,nan,8508f082e6b4b9ccd16ce4db599478b1,W2B - Portion D Site Office
45125394ee9d8044589ad99b76c2be85,North Shore - Portion 7a,342c03be7544130bbc326fe118d4a470,Perth - Burswood
7d1ab1a9895cb0fa9b59f70bf357711a,Hunter Valley - Maitland Office,e0a1946624147ad3247cbf2d98825f72,Sydney Metro SSJ
a6b145fbdac26521571c1579be9f8b82,North Sydney - Mount Street,76e0a629939368b7db33ee5ee9b32039,W2B
842965f6cf2056a805df2dffb4481def,North Sydney - Mount Street,bafd790f173463c76828851fb1b13c73,W2B - Horizontal Packages
ae7ac9530768f8ebcae277ef7475d3a5,nan,471aaf8f3ba7b1a4a3e0ebb7f8434fcd,SEPA-South Eastern Program Alliance
3e33e5a81598fc667e35d835d4357b62,Track Renewals Maintenance,125f29e6e75b5820a5db900fafe6dc23,CSM - Central
d763fbcf33c0487e2caa111f0864879b,CSM - Central,d0a33714bb39297140a7ed8bef95131b,W2B - Portion A Site Office
d76ebce13675a8417b7162ee5a79da2e,North Sydney - Mount Street,466097562c796de1d1d8c3097cc6a6c4,Sydney - Homebush Office
4f022fe4ed36ba6a101b3cd62ff25bc1,North Sydney - Mount Street,2a79ac8f770118ea1c35126d0d0c461c,North Sydney - Mount Street
da94a8841e3de74420a9690c99977790,Parramatta Light Rail Stage 1,49ab0cb69678988818b695f26ac533ca,W2B - Portion A Site Office
8ec0946f05b73b9e1ae0830ac444e485,North Sydney - Mount Street,08f13e7ed935d277c05161546fd32e2a,University of Sydney Project
89144a02aeb11eeb4e1659a22508b67f,CSM - Central,406f74a98fe3a5b5a3200da94cc32ab9,North Sydney - Mount Street
8f90abee543d6bd7e22dffcd8efe3d10,North Sydney - Mount Street,29c1957aa8d456d9a459d24d8b070bc9,W2B - Grafton
85bfb9f6df42d2559c3c744a9274d71e,Select (Kewdale),aa46e71d9eac23de98288224e239268b,W2B - Portion D Site Office
e4099ad4c14eb42dde2c71bb0172008c,W2B - Portion B Site Office,f47560cff5b731de6239c182258be617,University of Sydney Project
23aa62f693e1b1c1b0c5967dafc7bcc0,SEPA-South Eastern Program Alliance,526f31c8bb362644637f96739bbfa852,North Sydney - Mount Street
6e62e977f53d205f3ab4f94e9899f4b8,W2B - Grafton,4d4488dc56fe70588b63b5614d3d4894,Armadale Road
d699ae7aa2f9aaf5ec425d513535677d,North Sydney - Mount Street,521beb82834d8a2dbb6b011d6cf0e585,nan
59c8831fd1cca8bd574d1dcee02a0664,Larrakeyah Barracks Re-dev,f9ce38cca71d80edebdd5ea0f877c51d,W2B - Portion D Site Office
54684e1988935bf7752dfeba75483415,North Sydney - Mount Street,8efee8170fcf81f2f839f636ae0993e1,CSM - Central
0fe54b96b6e514fb91446c721ff69d15,North Sydney - Mount Street,3ddfde90589b200d7fabc3692988ed20,nan
73a107b369eaf47d90293dd4a02d4fc1,CSM - Park Street,f707298ec3ce6f0ffbf29e167a0a04ec,North Shore - Portion 7a
ed08731af4f2f5b1b2c502b741c3f5e1,RTIO Track Renewals Major Shut,10947418a9b524036c680e43cb2f4386,W2B - Portion D Site Office
b0f04df936e038166ed0942ec93ebafa,Sydney Metro SSJ,e35c03a9f69b148d872f093eda047a38,W2B - Portion C Site Office
20057f3168413c21c3af6d592a0c6a7e,North Sydney - Mount Street,f7f2f9ff693c313ee924ba6a0fb0363c,W2B - Portion C Site Office
d3f43f809e23eecf7240e1d944e07b23,North Sydney - Mount Street,b009d9112bc13c45002bdfa7423c92fc,TAP - Station Upgrades
f707298ec3ce6f0ffbf29e167a0a04ec,North Shore - Portion 7a,ea2c0981fa5144fa410b80667eb704b7,W2B - Portion C Site Office
ab0c1318ca0f6161469945dd9db5d8a7,nan,d97ae6b4dc439d963b48458fe7752648,W2B - Portion D Site Office
4bedbb831480ac73379a6ebed5917759,North Sydney - Mount Street,e5ab951b8467f4284a6eb05b0d132cf0,W2B - Portion C Site Office
f5c8d705f9a6a5a5cf401bfd0a6229a3,SEPA Project - Richmond - Level 1,5f2a5de492c1219b82a5581f9ea036e9,Sydney Metro SSJ
18e34789453826d2a65a83077d6097d0,North Sydney - Mount Street,a23e26fd8f85885c2fbd2a8b3d363e69,W2B - Horizontal Packages
342c03be7544130bbc326fe118d4a470,Perth - Burswood,8b686e3875b47f619e33a913838debc6,SEPA-South Eastern Program Alliance
ab55a42be4089b96c422b72728cf21cf,University of Sydney Project,c5372498772ccce9435aa39a3591bfe6,Track Renewals Maintenance
0401d9c5a7175a2ef7f5a3a37dd5793f,CSM - Central,4579886e469ec3e231116571c83e13ae,University of Sydney Project
4344d93de4600cfaf823ebfb252c5364,SEPA-South Eastern Program Alliance,1f2e88e387707830c6bf1dfc02c3033a,W2B - Portion D Site Office
d7f6ab1b27d8d96d6bc37945ac40e8e4,North Sydney - Mount Street,aa66106eb734a5ea0bf28f208b3cf1df,SEPA-South Eastern Program Alliance
e54aea471043a1041767d740a6054c9e,nan,fc7584c54fff1bc739da02d4b75c2c08,W2B - Portion C Site Office
8efee8170fcf81f2f839f636ae0993e1,CSM - Central,fb2b9c4b865b7eb2ba27ba1fd0b70527,Sydney - Homebush Office
f466c890f1eec62e527c4e97e615b867,Sydney Metro SSJ,da994f3c8e24be0f31613358819e523d,Overhead Electrical Systems Maintenance Services
707ed4e497a1da57ebaafceec57115db,Hunter Valley - Maitland Office,dcdf48e42141a9b78879504f55515102,W2B - Portion C Site Office
032fc279dd8594c98539f5eeff041171,North Sydney - Mount Street,707ed4e497a1da57ebaafceec57115db,Hunter Valley - Maitland Office
4f9d912d391974105b96997e964d96bb,CSM - Central,2a9d6fb02fce429eef226109e7bb40e8,Hunter Valley - Maitland Office
4b0d2323b9d24340a145ddc98aae1b87,Pacific Complete - Grafton Office,cdc12a1a0a7d7641cab896558dde5527,nan
215b745d9f22a04fbc7fcbe484c76a37,Sydney Office - 100 Mount St - Level 20,e54aea471043a1041767d740a6054c9e,nan
4ca848ef83ac1237785d510a88e513ab,CSM - Central,20a547ca5da9c4a699df85284ba41cc4,W2B - Grafton
ee31eae27732737b2ecfb0bb02f1302c,Darlington Upgrade JV,ebc642760464ce99b22b7acde93c1f95,SEPA-South Eastern Program Alliance
e6ab1fc3898eef7eec3d47203b0b6775,North Sydney - Mount Street,a964188da9f5cd66b7024fb22e1c82e0,Sydney - Homebush Office
e20aea9a6829ca95efc1437d7d92ad5c,CSM - Central,2305cf3c103fdc8d0e8c8bab4bbd54fa,W2B - Grafton
ad4d112b3878016a99615dda0aa9a636,CSM - Central,d470cb4a2a0e22de2c2378f35bc19641,W2B - Portion C Site Office
bf0888aff6726b512506f7a584eb7692,"Level 11, 54 Park Street, Sydney",99c510b75de96a3840b1f7318c7b6cf0,Hunter Valley - Maitland Office
fcddbf306f8c92551e64516f05dcabff,SEPA-South Eastern Program Alliance,2875de8d7f7a03f44790ff9092fd14da,ACT Law Courts Project
678fb2b3d489c0b54f66486d6a2ad043,nan,730999220df3bf45bc42a30da3bfc5d8,W2B Alignment
a1db7585e509e729346fcc50f94e6265,Flinders Link JV,c3f4c776997332bcd11723388a6c848d,Perth - Burswood
868bada0a484f26a0310e4aa7495d176,Sydney Office - 100 Mount St - Level 20,8de42324a2f6f498e845776f9fdec3e0,University of Sydney Project
5055d65196bc96b1bf0391208905b4b0,TAP - Station Upgrades,8bb8f66f5f803aabe2ce5301a4ffc3fa,Perth - Burswood
4694b290eb69ddf2c51a8fa1feb0d415,CSM - Central,505e719e42915afbd5e636c6ae4fb8a4,North Shore Corridor Works
0b2da0612994d7777718a12499335bd4,CSM - Park Street,f610cff215cfab3f47e36dab0eff795c,North Shore - Portion 7a
baa62f94d5c518909ce8a5e406910315,SEPA-South Eastern Program Alliance,a7c93c45dfba75c97021e63c955dca7b,USYD ETP Precinct
54d46dae939f5baf0da346d826af0323,Engineering Excellence - Chippendale,a723b9574f04abd9b1fff8de8cf922c5,Sydney - Homebush Office
521cfe9129f5282b69a1e7f8a52b8a64,Engineering Excellence,2dc0ff9e279ba04ac177a8563c5823ce,W2B - Portion C Site Office
789b47853789d7e169c74eb41838010b,nan,e5beac86f7cc0fb5fb43f7a00cc768b8,nan
b195c538cf54e819bd0ea36d6da57056,Parramatta Light Rail Stage 1,1ff0433662ac1571ddc1405beb051e9c,Dartford
1d4b914284cd9bbf6fba181402aa9c26,USYD ETP Precinct,9b7c6284f8f021c13e5939bbf44e3e31,Track Renewals Maintenance
45d0d622c7b7528254a5d26e86b305b8,Sydney - Homebush Office,e8ea40d48e05951c06ca3d883322cd22,W2B - Portion B Site Office
e842b2aca2ddfca7a8b25f55a4c2db1d,North Shore Corridor - St Leonards,43df482c7fa9570af5304819d6a9d0e8,SEPA-South Eastern Program Alliance
85760f7dcacbf59e98de51ced259bfa0,"Level 11, 54 Park Street, Sydney",6073d5acf9046be121ca42ef1499dcfe,W2B - Grafton
5a424fddce2c00e290e5582887d548a3,CSM - Central,460969d4b68a898b569c4a5c4d24b30c,Hunter Valley - Maitland Office
fc8f61d83cbc27e376e8231c5901d619,Sydney Metro SSJ,c2ea586d36a1bfef630e498ad5ca3500,W2B - Portion D Site Office
47e0071e14b15395cd64b3bcd612545f,North Sydney - Mount Street,884f4aec80fc149f1786a224b7102750,W2B - Portion C Site Office
12153effb5f1000513ae530bdeaf9852,North Sydney - Mount Street,31bd3155d41dc14774293bf54becaeb5,W2B - Portion B Site Office
223cc440079f7b2192f36bf8ccab4dae,nan,ffede6341debea70ac2c7838e8cd5f90,Brisbane - McLachlan & Ann
72ab76efdd5fbd4a4bb54c4428f1200d,CSM - Central,69f9fd8d093eee56e83ecbeee4ac0171,nan
ebc642760464ce99b22b7acde93c1f95,SEPA-South Eastern Program Alliance,b49a0d03d0b15ac5667cf24fca206016,W2B - Portion C Site Office
d97ae6b4dc439d963b48458fe7752648,W2B - Portion D Site Office,ea9a146e012fec3a24548c20bf2d158a,W2B - Grafton
f92c34a74253dec79ccc9af98adb9118,W2B - Portion A Site Office,c0fb7b250f209088b6b34f304c3ae543,Brisbane - McLachlan & Ann
9d8d11e27ba994086afef57b5ab5a111,nan,c10477b291f4347b2418eafb1a89a0f4,W2B - Portion D Site Office
42e0a26576bdd53bf848448f4019b574,K33 USyd - ETP,b3d66d08d4069f29f1b34663bd88a16a,W2B - Portion C Site Office
6d82f23f76ff8da66981ab5e48519e19,K33 USyd - ETP,bf1537b249f805b92888432dfe9864a0,W2B Alignment
8508f082e6b4b9ccd16ce4db599478b1,W2B - Portion D Site Office,9ba0fed53d1c529b1ce4fb7540d10e8c,W2B - Portion C Site Office
c7441aade12d90ffc9ace6af30d1acb8,SEPA-South Eastern Program Alliance,f68b87b8a08e44b50af250a971df13a1,W2B - Horizontal Packages
d03ac1b52bbfa49225ed1d19edaae32b,W2B,afcef2fbc4cd2a9b22ea6c2f43d4d56b,W2B - Portion A Site Office
59d3624a515584356aee89a502035fbe,Sydney Metro SSJ,7ef87aaa55333c409f6fb7202a8b9682,W2B Alignment
4ed8b334ac90c325b5d62f9b87abb5f3,nan,22d5c0a4805061a3b4b48737a3f1c971,University of Sydney Project
ffb9706c8ace594135cee5694c40a232,W2B - Horizontal Packages,38de22ca07648fffbfd2065dcb2de5d5,W2B - Portion D Site Office
1579e47f8bccd2f2f9faf1e86dad97db,SEPA-South Eastern Program Alliance,d955a57de4d85d997dfa73223cc6d113,W2B - Portion B Site Office
dea48f038c20299b8dd35eaf8ea9891a,SEPA Project - Richmond - Level 1,7b70ea49c485b4880f7d45e432620db0,Hunter Valley - Maitland Office
09e77fde61178cbd24baa0bd19e0bd89,SEPA Project - Richmond - Ground Floor,5e6facb5de4b48eb74d8a5ba27ace5a5,W2B
bd693920240a6bef999a233f63127a46,CSM - Central,6f7b2c5d2b292979b36b42b1e80dc7cb,W2B
0bf00ff93ffed8cdbe961b0a11db8e72,W2B - Portion A Site Office,17fae0f79ea3b281b046bc6c6b1611cc,CSM - Central
ef53343809d45d704628a215e2200dba,SRO - Homebush - Upstairs,354fa1d64c4635f386f93ff79aed81fb,CSM - Central
2591dec1e7e6ae1d0a615be51c275cbf,Wemen Solar Farm,834efae310928fbe225434a78a8c8dc0,W2B - Grafton
87321a73d6c2d239202db8782e700f4e,W2B - Portion D Site Office,76d7360ad0dec9241fac801edd0a3d91,ACT Law Courts Project
b1f767253d09b1b15185f8c9d9c384ee,W2B,45125394ee9d8044589ad99b76c2be85,North Shore - Portion 7a
3bc3c1c83f246a0d8b89ad010f6809dc,HVRO - Maitland,2dbf88f7e7e8e7bbd7bb59401ffcb2df,Brisbane - McLachlan & Ann
02b27347e149e78acb7588e4933c4f0f,North Shore Corridor - St Leonards,091a64081c4b6f8c5eddc9f79aa0b519,Perth - Burswood
dcd146769a830fe53b7d85d0c871c786,Hunter Valley - Maitland Office,96104f14e1d888a19de855031d5a6c12,North Sydney - Mount Street
3edbe9d981305b8f1b2644bebd83e7f5,University of Sydney Project,29e7cd3592d457312c457c10496ad2b7,Hunter Valley - Maitland Office
4eb152943885db79e9092af74766ec4f,HVRO - Maitland,67d42b40e78d339a4728e4d518e086ee,North Sydney - Mount Street
bf5e9e111a8593a48877b1ab6459896f,SEPA Project - Richmond - Level 1,a7b5939fd7855d37fc167f77ebe095fe,Dartford
7076d4aecb20b68ed796b9f6387bb0d0,W2B - Grafton,a627249591225f3d9c5d7db2e3ff9ff1,Brisbane - McLachlan & Ann
a7c93c45dfba75c97021e63c955dca7b,USYD ETP Precinct,e4099ad4c14eb42dde2c71bb0172008c,W2B - Portion B Site Office
b684e0d096b927c2bfc09d158e0fe0b9,W2B Alignment,8a3ca5f8db6bfa85bd8047bd16156ad0,nan
d0a33714bb39297140a7ed8bef95131b,W2B - Portion A Site Office,6568be8dfff53a0e7136449c1d221ca6,100 Mount Street Project
e8c1e0d8acc660c639529f3bfe267959,Sydney Office - 100 Mount St - Level 20,ab60cf9f11399e7ec9fa7ba415e559d2,100 Mount Street Project
368bb6782122f91e0ce8791de461ce7b,ACT Law Courts - Canberra,d26ed293db8026b147bb87d8ba9bb996,nan
57ced74674e81c152f83dd1e5e39bd20,"Level 11, 54 Park Street, Sydney",3dd994af2517d85521310a4f70cdd3aa,SEPA-South Eastern Program Alliance
4705e5fb26fb373b2d213b2c6e367631,Novo Rail Alliance,98bb157d0d622b4d8f47b58092c77781,CSM - Park Street
3755bb0026b1bb0879a075e36a1cc006,Sydney Uni Health - Sydney,888f2a4c4e8b728c83023fb9f13f250b,Engineering Excellence
a6e8e25c37057f28a8315edbe10a6e9a,North Sydney - Mount Street,ba26d7fcbe7bb4ce2ad48777209bc4b0,Brisbane - McLachlan & Ann
d26ed293db8026b147bb87d8ba9bb996,nan,b3358baf2f51b1f2affbce198665355a,Perth - Burswood
f8f4309523ab2ebcd3ba1b55ec1c9732,nan,189d969513ed6a960e23daae250231a9,Parramatta Light Rail Stage 1
ec8067bcde7f8c19d75f0c415f9db48e,W2B - Portion D Site Office,f1ff7c76263df6e0e0d1e6b58cc4ee4a,Brisbane - McLachlan & Ann
6528130873472e400d64954b6fb438e4,Victoria - Head Office,bbb072dda766a12e0aefcb8c2293eddb,CSM - Central
f7f2a983a3455155715f98d365011ab0,Track Renewals Maintenance,85caa3b5ee831722a3e71a6e5518ba14,Perth - Burswood
0462bbb6a2664b0a204041e6ac10148e,nan,036302bbc4230386d1b7e345fba8a120,100 Mount Street Project
6700dbe8e8dd17d7f15fa78c20cd98eb,USYD ETP Precinct,5dafd1740af50a1bd50439fb693182e1,Perth - Burswood
1f2e88e387707830c6bf1dfc02c3033a,W2B - Portion D Site Office,21c880e8c7da96c150b7c5f09734aa8d,Brisbane - McLachlan & Ann
d470cb4a2a0e22de2c2378f35bc19641,W2B - Portion C Site Office,2007d3d8958b324beb393bd1e473ab78,Perth - Burswood
e3a2e6ec6ffa3c2a0a73e4814104844d,W2B - Portion C Site Office,0195eca1ae1017ac936daa5455a7ffba,North Sydney - Mount Street
6f7c7d617514475ad559ff3f34e87283,Sydney - Homebush Office,752a95872ffb455fa9f0e6cdf235d33b,SEPA-South Eastern Program Alliance
b009d9112bc13c45002bdfa7423c92fc,TAP - Station Upgrades,18eb8fcd59a72835613e7b75a681fd81,W2B - Portion A Site Office
d80d3ac47fd678f781c15701bb99d682,W2B - Portion C Site Office,30e65cbeddec1c01d912c78ada75ce2f,Osborne FSP Phase 1 Planning
a23e26fd8f85885c2fbd2a8b3d363e69,W2B - Horizontal Packages,ad605b252a68d20c6d175c5ea9f49c7c,Armadale Road
b5ed3d9f9d07d81137be0d83e9345333,W2B,9dc1709d414a5d69bdbf0d9bcf41e6de,TAP - Station Upgrades
6c4c146dc5d8f62c53837b13ace7ca24,"Level 11, 54 Park Street, Sydney",9fc99a173984caecd23368f179111acd,W2B - Portion A Site Office
e7ccefc77bc6419c5940477c325500e0,nan,eceb22c7731dd35df40e4c20dd6c3b80,Northlink Stage 2 - BGC Office
a7f0dd0861c3e31df1dee7dbc39a2603,W2B - Horizontal Packages,44f622b45f8720fb8d747cd5003c8ff3,Brisbane - McLachlan & Ann
273269942c0537d6529889318b4728ed,SEPA Project - Richmond - Level 1,aaad4f99cddd44416bbe841a49867aaa,SEPA-South Eastern Program Alliance
4cdff341dd85405eeb166ee683638444,Track Renewals Maintenance,0b65b1022cba4d04ddd1067345b553db,Perth - Burswood
7ba75061717edea50e93e0bbece79517,Pacific Complete - Iluka,c54714d66510987341a9ef8f39e67ae7,nan
40659a823a13819bdde8200209d1c8a0,North Sydney - Mount Street,562cfdd79531f8009bf661f4a19f302c,CSM - Central
9b9ffb07c84e5fc4135c794ac6879c33,Sydney Uni Health - Sydney,2b69341974c07b5e15af7e561815f949,CSM - Central
2929ebf7bd0f8f64a73e0f463a378f10,W2B - Portion D Site Office,556c309f551f0e71d9e80f49a3dc243e,North Sydney - Mount Street
521beb82834d8a2dbb6b011d6cf0e585,nan,b431a62b1a259095b7c4674286b9d25b,CSM - Park Street
f60059aebe7039b777ee20280c01422c,W2B - Portion B Site Office,edad21fa225e3d19cca01986e49e70d0,nan
0cfe97c772cc733e4b1cfcbc7a4769f8,Sydney Office - 100 Mount St - Level 21,da94a8841e3de74420a9690c99977790,Parramatta Light Rail Stage 1
0cd1985d06184b7f9daa24233761fc72,Sydney - Homebush Office,94420e34bcd40d9b88a63373e30dff41,Sydney Metro SSJ
59ce3caccdde78ce45be5a5b3131b936,Overhead Electrical Systems Maintenance Services,c7cdd7199f07e985fe4d1bcac0c214b1,Brisbane - McLachlan & Ann
6eac5694f0918116433d1ac448026227,W2B,519c0c0f65f85317f731e3a08253de05,Battlefield Airlifter Project
50ff2327eef15d7589f3ff35fba6b794,ACT Law Courts Project,9db4d4f4351c9f34c2dca082674827c0,nan
99c510b75de96a3840b1f7318c7b6cf0,Hunter Valley - Maitland Office,cba1d28852409ca7551854140d110fd9,Parramatta Light Rail Stage 1
296b10e3b4f356b25510875abf95992a,University of Sydney Project,3e4e9ebf5a4dd47f138ef6b56346681e,Track Renewals Maintenance
d031000af561b7a046d10d4e133c0c61,CSM - Central,a68d617e5cca7416adcba9d56eb0ca64,SEPA-South Eastern Program Alliance
6e0809989c4e39b3a0e36a612f9f213d,Melbourne Office - HWT Tower - Level 20,1bc7df23eb3aeb43b0e58b2a1e0a7bef,CSM - Central
2a9d6fb02fce429eef226109e7bb40e8,Hunter Valley - Maitland Office,9b53d85d3f29634a2f141f2465da4993,THay logged on to H2K53R1 16/07/2013 6:22:33 AM. Site: AU-Maitland-HRO
a6a0d321fc54ca91e18218a79c1a8174,USYD ETP Precinct,8b57368935ceca80865733c09a7edb4c,North Shore - Portion 7a
42d9b2f5f6ea1bc11e0e68a9154ba880,SEPA-South Eastern Program Alliance,2228c6cdb7a04af3d943841930901083,CSM - Central
10333ffdf5c1035f27a23d8732d487dc,nan,4aa2caa26a272e97bf9cfe78da32ed98,Sydney - Homebush Office
17077dc980b38d6538ae0483e127354c,W2B- Special Projects,c0524fc45113144bcb56435870113fd5,Perth - Burswood
cc3f3909b726f2dbd03c4ae5bec8ee1a,University of Sydney Project,0b2da0612994d7777718a12499335bd4,CSM - Park Street
0c5bfe7c454e4b5c68afb8fc39d8066c,Victoria - Head Office,c0682b01d85373f63854823915177f4b,W2B - Portion D Site Office
5da76585fdff1075483065b4aa2cd482,HVRO - Maitland,d4430de2201058a535dad046028a2c60,nan
29c1957aa8d456d9a459d24d8b070bc9,W2B - Grafton,33a568afef5a6d116ff9e39d9cf09c56,Victoria - Head Office
3c426355db2daff3a83d818208d8afca,nan,19d1358ef8f8bc6c0ad786d409f37563,Hunter Valley - Maitland Office
4cbcb80e42ac4bed71d9404df296e4c5,Hunter Valley - Maitland Office,607514de5b2409a706da066d854ce084,Flinders Link JV
7bf583a1fd382c4dc54e19a7031a2d20,nan,b39456aa873c29498fe5b45aae564dc8,Parramatta Light Rail Stage 1
7450f659dd103efd3edbb6a47bc991cb,Pacific Complete - Iluka,2c4c3ead7fea5e7fcd52b94f5bfee56a,Brisbane - McLachlan & Ann
fa986d16ed34e79e5480eb2e88600ae6,Select (Kewdale),526ddbfc7fe3f8a18589cab5730ff4d7,SEPA-South Eastern Program Alliance
eaede16fb1538506404199e7ed683cce,Sydney Uni Health - Sydney,3c4f339af40688d7d2810d3d2d07559d,Northlink Stage 2 - BGC Office
82b8f4923157fcc5d31a36dcb21b1a6a,nan,8b926b9b57d77b79f397e9822f49be30,Track Renewals Maintenance
2cfb4f908335778f8dde79b28527b9d5,Pacific Complete - Interface & Logistics,0b4b7093cef306ab71c293117ebbe685,North Shore - Portion 7a
ebf55f0cce36a6808252a5c35b0a9c4f,North Shore - Portion 7a,9f0193a3bb0e9590d6d46daa507332d7,CSM - Central
f610cff215cfab3f47e36dab0eff795c,North Shore - Portion 7a,e41d10225313783cad310d003cdea65d,CSM - Central
88e3fdefa062c788552e17c6297cc38d,SSJ Office - Marrickville,e20aea9a6829ca95efc1437d7d92ad5c,CSM - Central
46295749155ab2b7089359d2add77c06,USYD ETP Precinct,8522d165ad3db784aa6490e183a9ae6b,nan
12fd6bc1791de1d82aa942ee03734a24,nan,3a2a37e231d3c8b18094a81a61171cb0,nan
441a459849ff4eed5d8ae208354de746,North Shore - Portion 7a,4344d93de4600cfaf823ebfb252c5364,SEPA-South Eastern Program Alliance
adbae60775ff3e4273673c9ce9e6fa8e,W2B - Portion C Site Office,2e6242b79f8e89e5d0a0cd671bb70189,Hunter Valley - Maitland Office
99f2d34e717751e8dd3f7a33b635da32,SSJ Office - Marrickville,62b24bf59dc9fa29abb345d6ae16da34,Osborne FSP Phase 1 Planning
2d75a73f4d6d62d874a913c95d640071,Hong Kong,d9108b0ce99696a0fe82f90249aac133,Brisbane - McLachlan & Ann
7c3c6b798ee5070efae99550eb2652f5,Collins St Office - Melbourne - Level 11,6ad44730834f4a54e6cdf0537a79ed8b,North Sydney - Mount Street
2b54aca95931fbaff19ff287281045e3,Pacific Complete - Iluka,d63bdefa6b731343871ce6afa78ad834,CSM - Central
f8d0d2c2b783ce84edb101dfa5b94112,SEPA-South Eastern Program Alliance,e3c686d655142a959a2c4a85003c52cd,SEPA-South Eastern Program Alliance
07ae940cdfd1de350229216a112f1334,nan,a228a97ef114d6a78b52506a67c9e253,Engineering Excellence
1e180a46f216ac4ffa59e28bd852e039,W2B - Grafton,1579e47f8bccd2f2f9faf1e86dad97db,SEPA-South Eastern Program Alliance
6113ea4df4abe5512afe4864d6f78afd,Hong Kong - 810B,f728bf7ac341db352e61392f726c2b41,W2B - Portion A Site Office
189d969513ed6a960e23daae250231a9,Parramatta Light Rail Stage 1,5efafd591ddd0a8c6737fd825e64ed04,CSM - Central
a6cb27080d2b6a4f27057302346a0ebb,W2B Alignment,c506a0bec4d6d0645d6032a64528ef84,North Sydney - Mount Street
48d267417af065678dc5ab526cab5279,Melbourne Office - HWT Tower - Level 20,b0f04df936e038166ed0942ec93ebafa,Sydney Metro SSJ
748bd23a9a17be049dea57546346830e,W2B - Portion D Site Office,8eb9e94ef75ba69851b318661e9da16f,W2B - Portion A Site Office
4dc0154c1b96b4e6adcbe14c6b358bf3,W2B - Portion C Site Office,4c3df84a8a4a01d6355dc5bea824cac5,CSM - Central
7e9197abf88d7d5369be4b3e42d27b6e,USYD ETP Precinct,d8a80f015417446b4e832c4c97b4c792,CSM - Central
223936a22b2262ac0255e29970370faa,Pacific Complete - Iluka,c986d7dbe2b2b2ad6f2d59d8fcf9966a,SEPA-South Eastern Program Alliance
079829417a68273b5358c6b76883e771,Brisbane - McLachlan & Ann,06c0f8653d96a73d4f59b084ea3ae775,W2B - Portion B Site Office
9897904a4ad773d149cbc1a30d5805f3,Pacific Complete - Interface & Logistics,fc904e3e1c2007805e15927b7ce6957b,North Shore - Portion 7a
b8f5865ca401a4843b67c6c31feb6362,SEPA Project - Richmond - Level 1,b33d6643573dcd241e306fb722481d48,Track Renewals Maintenance
d0bf6d09db388b08c13b3f283feda3bb,nan,5bbe4b2117dcf0b2868776041f9eaf06,TAP - Station Upgrades
6002a911edbc868bd528a4ebb98b9e45,SRO - Homebush - Downstairs,7991daa771f229dc817151a2f71e7345,Osborne FSP Phase 1 Planning
4b13ba66aaeff325b61a66a530cceb0c,Sydney Office - Innovation Place - Level 4,4ed8b334ac90c325b5d62f9b87abb5f3,nan
4ffd808ea6da61c8876f935a603e1557,W2B - Horizontal Packages,a4746aa52b0d6533f9dddef986b3b0b0,W2B - Grafton
12e29bb423ef041e09897d8b5ce06161,North Sydney - Mount Street,23aa62f693e1b1c1b0c5967dafc7bcc0,SEPA-South Eastern Program Alliance
8d262c49880f0deef5cc2a864593d79f,"ASMTI Facilities, Shoalwater Bay Training Area",cda5c2bdef51e5c543c4cc4caa961ec5,North Sydney - Mount Street
90d913d8fcc8fe08ef4a88326cd88542,K63 ASM- Rockhampton,1640df95aa2eb2fb7045d0898839f9d3,CSM - Central
0824fda765e13d708b7cafcc5bf70b08,nan,d1889ee1e0435d7f3e0211064508aa85,CSM - Central
aa46e71d9eac23de98288224e239268b,W2B - Portion D Site Office,0dca412cef61aa50b968b77bdb3f3b9c,Parramatta Light Rail Stage 1
ab4645a78c90cc63864a6e84142e934a,W2B - Portion C Site Office,2edcedae75a43b5fcf4fa0753fd27060,CSM - Central
729cdde1b44ec09019510fc678e01299,SSJ Office - Marrickville,4a9c8ecc0f24c4f5f47d40e26df39c69,North Sydney - Mount Street
5e2354b9187e7bd983acae8bad294430,Pacific Complete - Grafton Office,d97d3b78e63477305052907b04be3992,Northlink Stage 2 - BGC Office
2d7e49f8e59ea40bd0d7001fdb54dbf7,Pacific Complete - Iluka,33487de2eb73133fb34285f970af6d62,SEPA-South Eastern Program Alliance
eb6b8f1c3e6c393b08c0a25f1e76d41f,Pacific Complete - McIntyres Lane,851142e449b8b3b5763956e079ae2973,nan
f7e731631c4720fc61f0dd15c5e36a68,nan,4d63e9fc8d956785d39329a0e503c27d,Perth - Burswood
508d58becda8af2d34f85f2a5f4e5ea4,nan,f6b46b162d7dac7f484d6199b5c0f95a,CSM - Central
fef7d21554fbfc83d59d71481f2f15a5,University of Sydney Project,85bfb9f6df42d2559c3c744a9274d71e,Select (Kewdale)
e8774a9e8047f183947df09b1a3f9ed1,CSM - Central,d23ca894e1df5434aef3ab61c54a5275,Sydney Metro SSJ
aa7b2a407ea83fb9af56b0b1747c1277,W2B - Portion B Site Office,6f12cfb4ec24f8100ed496b338095e4e,North Sydney - Mount Street
b9727309a8b32fade98af29d69f9051d,Select - Maitland,12edb2d57b3750fbcc2fa13aa93bfca2,North Shore - Portion 7a
b618d18283130f61bb85e5b33540ae9c,Melbourne Office - HWT Tower - Level 20,d2e375517ea9796ad42ead7b43e45d17,North Sydney - Mount Street
1b8ea4e304720621a5448580d3e5e63c,W2B Alignment,a8bdbc4251e93559bab4ad252032a031,nan
877f7af4fd8cb07b894baba6064ce4c5,Pacific Complete  -  Pimlico Compound,b6e9cc52346f78865e554ef4bf9b19e1,TAP - Station Upgrades
efb37a5da6bfcf4c0caad85917e3885b,Pacific Complete - McIntyres Lane,d0bdb7153fb95b1b0e97cb8bfddc7649,CSM - Central
76a15583d90f745e6fe30fbe79e65d11,CSM - Central,b72e5a226ca84b4cd1131bbf580b89c2,SEPA-South Eastern Program Alliance
5502c6bd3b587339de0595ac09c59511,CSM - Central,c07f412a862db5f7a221581c04be21da,W2B - Portion A Site Office
39c7ba2157f8335f33981f04944fafce,Pacific Complete - Grafton Office,b1db3e65c6cf4206a0f66273d5d8dbd4,W2B Alignment
d2e375517ea9796ad42ead7b43e45d17,North Sydney - Mount Street,2fe395051e8cb100a756fac6c3fa7950,Sydney Metro SSJ
83b0ae202eaa6a0649e19444bbf14a6b,Sydney - Homebush Office,4a205907afdc6e1c755489c86996fb1f,nan
29e7cd3592d457312c457c10496ad2b7,Hunter Valley - Maitland Office,08b6053f4ea82703e89c2f658c35dfda,W2B - Portion C Site Office
6a3bc75fb4717ecaa169f56e25dcf8a8,North Sydney - Mount Street,c2e986ff74d5f4a4139e39a851746a1c,CSM - Central
f9cc1c3682be61ca8cc02993fe326046,Perth - Burswood,8b0102a5d9138ba335264ff4fd9579c7,CSM - Central
0195eca1ae1017ac936daa5455a7ffba,North Sydney - Mount Street,19c4e13899cedf7496422613a38767a7,North Sydney - Mount Street
82fb2223135da40c83bed81d8501dc5c,Hunter Valley - Maitland Office,0490be56b1afe2f0894360ba7ba69a54,Track Renewals Maintenance
caf68388b35c02d0b3a34ad41ae554d7,nan,25fc4fbfd1fc9af46f77139ac8f356ca,Brisbane - McLachlan & Ann
67d42b40e78d339a4728e4d518e086ee,North Sydney - Mount Street,fede53dc53edf3c8f7ea7cf9e8a6a6a0,W2B - Horizontal Packages
b2dff18ecebb48d2c3d2b05e8bd6b465,North Sydney - Mount Street,a2e3e90ce007c1c49158d95eeb494271,CSM - Central
800cb08c7f4219e66796f049561f6f95,Hunter Valley - Maitland Office,f12840aaab92eba0eeb78988e6dccaee,nan
8193c12ca1dd3902487f70105bf2ab2e,W2B,ab0c1318ca0f6161469945dd9db5d8a7,nan
2a79ac8f770118ea1c35126d0d0c461c,North Sydney - Mount Street,c10fc711ae98b65a338adbdf34fd8b2b,NEPA Project Office
466097562c796de1d1d8c3097cc6a6c4,Sydney - Homebush Office,70888130bb954ef1129b2c3454efe0f3,nan
37443ab7e688f62989577bc08e6a0f82,SEPA-South Eastern Program Alliance,ab55a42be4089b96c422b72728cf21cf,University of Sydney Project
fa07ce29d7e15dd767a1217af078b571,CSM - Central,c3fbf1f55bddd26d9310ffb727ce97c7,Parramatta Light Rail Stage 1
3a170be3a99b9cc42d1b3fe20614896d,NEPA - Rosanna Site Office,eb5d6702d20a0767fcac9e763cef9675,SEPA-South Eastern Program Alliance
9aadffcdbb3dd7d8eb6a469b8f226a95,100 Mount Street Project,3e33e5a81598fc667e35d835d4357b62,Track Renewals Maintenance
6568be8dfff53a0e7136449c1d221ca6,100 Mount Street Project,81ea85f71bb3c7abfd366271fe81380e,W2B - Portion C Site Office
f9bf25d94da70990aeba4feec7baf685,SEPA-South Eastern Program Alliance,6f629273999dca1703f51301c81123bc,CSM - Central
976ac3b8401526cd0784703a0ea4fe45,nan,8a0024144ca6e4efccba1cda3ccd7596,W2B Alignment
432a6c444614da31adf512dc8098c28d,nan,f6446e4cf05bcc915a9483ee7f896ed4,USYD ETP Precinct
7991daa771f229dc817151a2f71e7345,Osborne FSP Phase 1 Planning,894b77c1b20dfbd1d8c72f60999ca14c,Brisbane - McLachlan & Ann
2228c6cdb7a04af3d943841930901083,CSM - Central,c74ac2ef1d2080e3eb87a495acd00078,Brisbane - McLachlan & Ann
a5875cb23cf07a266835a2eed185bfa1,nan,bdf4285374ca46b46364d63100cab17b,Track Renewals Maintenance
10947418a9b524036c680e43cb2f4386,W2B - Portion D Site Office,bc11bae7d3e25c7ab1d7f4edc3fca48f,SEPA-South Eastern Program Alliance
cf91e4f5d8d0d7defca3b471d32221d2,Perth - Burswood,1d340c41080ecb4c7d54e13f65af19fb,W2B Alignment
ee3517739a6283a06a223855e998b01a,North Sydney - Mount Street,a1db7585e509e729346fcc50f94e6265,Flinders Link JV
3a2a37e231d3c8b18094a81a61171cb0,nan,be1606a40ae36856d18df98ff0f6259e,Select (Stapylton)
5cac819ca2594e2e70e2fda9df24c106,Victoria - Head Office,ebf55f0cce36a6808252a5c35b0a9c4f,North Shore - Portion 7a
6ad44730834f4a54e6cdf0537a79ed8b,North Sydney - Mount Street,537eb4dead3a2058ccff2d3b6d442524,W2B - Portion B Site Office
2ae0647a6e4897eff545990c91d547de,nan,f99180f89cfb536e317859e0718eb466,W2B Alignment
8bb8f66f5f803aabe2ce5301a4ffc3fa,Perth - Burswood,7b27cb53f41ad571a9387a7d1f42766c,nan
f25c89527c50be7f10d0f6c333bbafc3,Victoria - Head Office,abc2c670f89c81c5e93c049474f3f1cd,SEPA-South Eastern Program Alliance
bbb072dda766a12e0aefcb8c2293eddb,CSM - Central,a7f0dd0861c3e31df1dee7dbc39a2603,W2B - Horizontal Packages
5bbe9614d2c0a9feebaf1bcb9b7b424f,nan,ed9470ee304c7dee5d5d5f434d497e68,Brisbane - McLachlan & Ann
953d4b4985ab5c51f747c932eaecf686,nan,7a0af5826097e45d05e86cf765d5c892,Brisbane - McLachlan & Ann
ab60cf9f11399e7ec9fa7ba415e559d2,100 Mount Street Project,cda9018c1f58891ffca79538bcf40579,W2B - Grafton
399c72490f8195063b4ca6b5f945db38,nan,43ea8e789c0c4f93e776c874390b9e45,Select (Stapylton)
5dafd1740af50a1bd50439fb693182e1,Perth - Burswood,a77289cc2f35472426e8e4e0eef7fb05,North Shore Corridor Works
cc4343390be36a27a300a08d8d27978a,nan,f60059aebe7039b777ee20280c01422c,W2B - Portion B Site Office
2a06105bf4ed7ded31cf0bf73e078c1d,North Sydney - Mount Street,87321a73d6c2d239202db8782e700f4e,W2B - Portion D Site Office
bf1537b249f805b92888432dfe9864a0,W2B Alignment,7de6f5e1104a227b6e07f81a829be005,Parramatta Light Rail Stage 1
87ebb6927dad02f73b5564717a0f4f16,North Sydney - Mount Street,439bc20160a49c412267ebdfd8520d04,W2B - Grafton
623711cc9a2640310112a1e44f7e9d87,RTIO Track Renewals Major Shut,e03758620fb25afbd87859aea62893f9,SEPA-South Eastern Program Alliance
3ac3952cc0975e47d3d385aa6680709f,Darlington Upgrade JV,df12fb0b9f77f7f76a2c0577e841c99f,Hunter Valley - Maitland Office
3ab3d1f63fa3e1451388102df96b793d,SEPA-South Eastern Program Alliance,9315fbdc818f448e87632c3f101cccbe,nan
03a175711ebe5731657fa7200357a8f6,W2B - Portion A Site Office,a18c21376730359487bb7e27416fdffd,Perth - Burswood
2d95465ba61ff536a96c7fcfe0c2d354,CSM - Central,cd4e93fca038a8129aa1694384cdaddd,W2B Alignment
730999220df3bf45bc42a30da3bfc5d8,W2B Alignment,e3a2e6ec6ffa3c2a0a73e4814104844d,W2B - Portion C Site Office
12eb79e9f2da4b2bcbf5be47065de22a,W2B - Pacific Complete,2ad53de62756aeed95eb8399710bfdc6,nan
2d6241c81a836e61995be54a61ce161b,Osborne FSP Phase 1 Planning,2293a34f06761a830278fa5dbccddf16,CSM - Central
1e662fd19dd1529e84b72a3d15285eee,BHP Asset Panel - Goldsworthy Northern Demolition,eeddfffeda15d0d5f030fb0b9245f7ab,W2B - Portion C Site Office
181d6d412152a763c20d2dc37ab20aa4,TAP - Station Upgrades,7eec14cfe38c5eebd02c3b570c3e054e,North Sydney - Mount Street
8eb9e94ef75ba69851b318661e9da16f,W2B - Portion A Site Office,e00fd000ab179c9728f5ae363b2827bd,nan
15c3c084c994e50357637692d9c0f00b,Armadale Road,e6ab1fc3898eef7eec3d47203b0b6775,North Sydney - Mount Street
cd920a72d10985a50085348263f8c973,Brisbane - McLachlan & Ann,58248f80bcfc59cbb1761e7210a98cd5,W2B - Portion B Site Office
aaad4f99cddd44416bbe841a49867aaa,SEPA-South Eastern Program Alliance,7ca0c5e09c22180f285e3f09515bdbd0,W2B - Portion B Site Office
0f1954af80a039e4dd5b499ea9c753e4,North Sydney - Mount Street,f2a34edb1a95c7a4dc5bf695a0d789cf,W2B - Portion A Site Office
2ff0e3adcccebcbeb2d419a2b2b13815,nan,02ec7b6c66e953fef9aee851b59576c3,Perth - Burswood
4c3df84a8a4a01d6355dc5bea824cac5,CSM - Central,e7ccefc77bc6419c5940477c325500e0,nan
92ab9372f3b4be64ad7e2ddcc62512ce,CSM - Central,038a87bac7a9bdb087028b0020374ce3,Hunter Valley - Maitland Office
86d9993fc799f3a28946ea7e219ff2a4,University of Sydney Project,3a8dd3614de06a118a6f17eb3d464735,TAP - Station Upgrades
556c309f551f0e71d9e80f49a3dc243e,North Sydney - Mount Street,baf431b8593bfdf1af3d5cd460112797,W2B - Portion B Site Office
54926c2dd5a7433327e970c1c1e78566,CSM - Central,d147c783e3f88f20c5815645b03cd81f,Osborne FSP Phase 1 Planning
f228dfb9a187e6d1fb611cdf4182a2a0,North Shore - Portion 7a,fc8f61d83cbc27e376e8231c5901d619,Sydney Metro SSJ
ee0fa94a3f27667d6b109b0187e46c7e,nan,aae2177012d0197e811ece716f388346,W2B Alignment
c9038e174399b6d8060ff47d9e12032f,Parramatta Light Rail Stage 1,2745dc9cd84357e02fcbaa53f8c5b804,JeffMcGrath logged on to 9KN53R1 21/10/2013 4:07:26 PM. Site: AU-Brisbane-BNE
6c214bff101c8d6113a768a70ac8a737,nan,b6331666d6518ac2047fd14d6bb557ba,Hunter Valley - Maitland Office
9e5eeec7e3bc7693aedc3ac231f2b98f,Sydney Office - 100 Mount St - Level 21,4dce2f95c0a42732ccd5b64bf169eec8,North Sydney - Mount Street
e7b109afe81afeeb0e876a2714c0508b,North Sydney - Mount Street,bc3771efaba8e0e3778a3e3944310fdc,University of Sydney Project
0a6533fa3f795deccb36057c14feb970,North Sydney - Mount Street,b1f767253d09b1b15185f8c9d9c384ee,W2B
036302bbc4230386d1b7e345fba8a120,100 Mount Street Project,adcd04e5e1044b7116053a65c4a1338b,North Sydney - Mount Street
a04bc40dea92f20b8e49665982237b8e,W2B Alignment,43d146ef1fe4be230e119652b6ad43df,W2B - Horizontal Packages
d8d66bf220f2aaf3315a1d9cb11448ca,Hunter Valley - Maitland Office,d751ce1d96c799635ba3fd1783a710ee,North Sydney - Mount Street
bfbd3129db964643ef052f79da2a6236,SEPA-South Eastern Program Alliance,36cf5e7c334c007407e24d69db2dba27,Sydney Metro SSJ
0dca412cef61aa50b968b77bdb3f3b9c,Parramatta Light Rail Stage 1,d03ac1b52bbfa49225ed1d19edaae32b,W2B
6748fd17aa726d07f3b74184c1aab39c,Track Renewals Maintenance,5f5feecd314e42ed8dd75fb1339c9b11,ACT Law Courts Project
e5430e534c8e88b56140be08d86abfb1,SEPA-South Eastern Program Alliance,48223f1bcabf286a79d9eda99dcac21e,University of Sydney Project
37668e9992bfde32925c190841bb2fef,SEPA-South Eastern Program Alliance,2a06105bf4ed7ded31cf0bf73e078c1d,North Sydney - Mount Street
3036a93aa1dae4dcc74375a11b43c8ae,NEPA - Rosanna Site Office,88d2810b06d9bbd5cf5e0ad503368b7e,W2B - Portion B Site Office
dd4f113ffbe7fec27dda07ba862902a6,SEPA-South Eastern Program Alliance,2573740ab2f97667d3b09f7e16689480,Sydney Metro SSJ
12edb2d57b3750fbcc2fa13aa93bfca2,North Shore - Portion 7a,d031000af561b7a046d10d4e133c0c61,CSM - Central
9b53d85d3f29634a2f141f2465da4993,THay logged on to H2K53R1 16/07/2013 6:22:33 AM. Site: AU-Maitland-HRO,84ca41176f551057dbfb580e97c660a0,North Sydney - Mount Street
6c7f9d50809da276ad8749e6f320154c,North Sydney - Mount Street,7f3f637b036c5279c285efcfc84bf0f3,W2B - Portion B Site Office
ee0b0dd5acbf206a21376e6072b61c82,North Shore - Portion 7a,623e9967c07418596b70d2a1286fe54c,W2B Alignment
badefe90856c319b73cfb4dbb7a17d55,University of Sydney Project,415c4ae2fe7c633606f2679789cabb1b,Hunter Valley - Maitland Office
fe60bbcce8933ef78b4e361cdc7894ce,nan,679d72833d29387750187c3fdb522b52,W2B - Horizontal Packages
532ac71dc1f4d03c365277293ac5bb8f,CSM - Central,bcd3324bcd81416dcffc05217aa95362,W2B - Portion B Site Office
7de6f5e1104a227b6e07f81a829be005,Parramatta Light Rail Stage 1,dd4f113ffbe7fec27dda07ba862902a6,SEPA-South Eastern Program Alliance
d43ac97e366000fcd383dcf62e86b530,Sydney - Homebush Office,681e56ef6226519206eadf65c3914a13,Hunter Valley - Maitland Office
8219b6fe7ae0313524ec16e9af5d1fc6,Perth - Burswood,ee92ba1641e067d6f3072c9c90a795fe,W2B - Portion B Site Office
d580d46858f64aee52b3609165b7dc26,CSM - Park Street,831340910d9a7aa7a98bf5acd3ea49c8,W2B - Portion A Site Office
6f7b2c5d2b292979b36b42b1e80dc7cb,W2B,ae434ba4df919106c54a22d02d8c8476,Brisbane - McLachlan & Ann
3d19a7f5518ee889fda2f85a7d5eb377,nan,b12e79b3ba5606492a969c9dd9306152,W2B - Grafton
abc2c670f89c81c5e93c049474f3f1cd,SEPA-South Eastern Program Alliance,a07baa7bd95d212f36dec972cff899ae,W2B - Portion A Site Office
a4a2dcc05f16b1952a67d2c54e7bc71b,Hunter Valley - Maitland Office,f6eeab9f22d47a06dd6a54d3a1e8cf6e,W2B - Portion B Site Office
be041a2f6a2521168b6ddad28dc79487,North Sydney - Mount Street,b2111368eb6e780ef4bb1044e424bcf3,Osborne FSP Phase 1 Planning
c3fbf1f55bddd26d9310ffb727ce97c7,Parramatta Light Rail Stage 1,0f0c837abb90d4240209efb95bad1d6d,North Sydney - Mount Street
a05059341a7a71a0f501faec1bcfac52,North Sydney - Mount Street,34ffb28e67b74de1a26cb2d80d7a0e1c,W2B - Portion C Site Office
b5a40f5cdd4cb15f09635c75a701b2a8,Sydney - Homebush Office,cab115e4326384ac9c80da2105759033,W2B - Portion C Site Office
d6ced653e5c787194465ad56b9bf5894,Darlington Upgrade JV,95ea359031b3161b31c30a6b0a2aa9ef,W2B - Grafton
617d028ffb5cde4add624ffed2362af6,nan,bb61196b44e028b77a6599aff1705e45,nan
8e6dd51df87bb33e662e5c3e4e5b5405,CSM - Park Street,05a718926b23bed23ab46ce83a8a90f5,W2B - Pacific Complete
e5be392ca1a980718ab9d12cc314f90c,North Sydney - Mount Street,447ea0b0dd79cbe84271355155940e12,USYD ETP Precinct
6f5a3e7aef1b606e91f40973a6ae7495,nan,8c95a18783bc95b037e4e884bebeb773,W2B - Portion B Site Office
927a7653db295c0aad183daa69188bc8,North Sydney - Mount Street,d374496e65e0460bf44c62f713104590,RTIO Track Renewals Major Shut
af75aff0f7b58af6f0575df437558848,North Sydney - Mount Street,16122708a5a2bbb52fae8026797f3fb4,RTIO Track Renewals Major Shut
2cce767b5ce130c4d9e3d8a3c5a17cc3,Victoria - Head Office,6c3e06766319f8d1ddfa320034a26fdd,W2B - Portion B Site Office
bdf4285374ca46b46364d63100cab17b,Track Renewals Maintenance,5b01535c333406de32909d3da80c29b1,W2B - Horizontal Packages
c385f90e1bdbd69a3534f130c20a7b4e,North Shore - Portion 7a,7fe454ea76c51220aef38479cdc8b1a6,W2B - Portion A Site Office
bfa62cca979a644050ee30885fc1e22f,Sydney Office - 100 Mount St - Level 22,11ac91faeb156786d05730f7220b1955,USYD ETP Precinct
4cbc8a772380ce2c613d58642ed9a60f,North Sydney - Mount Street,6971ed33aac3987d9201534f8d187236,Brisbane - McLachlan & Ann
82252b63ab0b7d091ff4acfc59b8a135,CSM - Central,b461c6830df67211e132a2916f4d98e9,W2B - Portion B Site Office
e41d10225313783cad310d003cdea65d,CSM - Central,3a7ca585ab176db02ee60de556aee6c9,USYD ETP Precinct
a075595216db202a75b1a2cf30fd5c75,Engineering Excellence,9ab8d0f7f10ebd46bff45e3c10f21f40,W2B - Portion C Site Office
e35c03a9f69b148d872f093eda047a38,W2B - Portion C Site Office,ffb9706c8ace594135cee5694c40a232,W2B - Horizontal Packages
e0aacd8c3fc48a1dac7e5c682b40ceae,nan,37096e80d75989b923764e9bd6696498,North Sydney - Mount Street
d63bdefa6b731343871ce6afa78ad834,CSM - Central,90324403733ad388c175b33fd88838a5,Track Renewals Maintenance
80ac05f250eb4dc3d241fc5c140e76c4,SEPA-South Eastern Program Alliance,a04bc40dea92f20b8e49665982237b8e,W2B Alignment
17fae0f79ea3b281b046bc6c6b1611cc,CSM - Central,45d0d622c7b7528254a5d26e86b305b8,Sydney - Homebush Office
ed4829001b633902bd10686c0de98da8,Sydney Office - 100 Mount St - Level 21,e39748bfcced812b2ad2c5091a7d78ab,Perth - Burswood
33487de2eb73133fb34285f970af6d62,SEPA-South Eastern Program Alliance,ddc3c6fa98e1aaca0ed7fc14202845c3,W2B
c10fc711ae98b65a338adbdf34fd8b2b,NEPA Project Office,01857241c31c52c43d454b3c51b8805d,nan
87230afdbf7b2af0adc62b0f54270c86,nan,d814534c078e477717d1f4c378bc6d45,W2B - Portion B Site Office
e11f0eb7c030cc46b7c7a3d8494ae518,nan,aa7b2a407ea83fb9af56b0b1747c1277,W2B - Portion B Site Office
2e6242b79f8e89e5d0a0cd671bb70189,Hunter Valley - Maitland Office,7abe02cf2a1f0d5e3aef48d5e083b9be,Darlington Upgrade JV
44313d6912c17be65f9095c836b5e6a8,Darlington Upgrade JV,9398604be6d4b38e8e355c633c26aeb0,W2B - Portion D Site Office
a8db7113dc8a82635b72465e9af6b81a,North Sydney - Mount Street,81c6d6b1320237193be745f7600930b6,nan
5590f245f6fcfc5580c12c83d7e96e0f,North Sydney - Mount Street,92ab9372f3b4be64ad7e2ddcc62512ce,CSM - Central
d0bdb7153fb95b1b0e97cb8bfddc7649,CSM - Central,31e5d2fe004c590712016f6bb3790b12,W2B - Portion B Site Office
b2a8e3d60306a8ef0128c7341d031796,nan,74c8f64f751050a4d6ea918c6240a147,nan
da11bc2d07403be36eee71cb4af3ada3,nan,8ebf59c765d45247db49cb2eec52d5df,W2B - Portion A Site Office
f728bf7ac341db352e61392f726c2b41,W2B - Portion A Site Office,e75b0af8ee6b4ed2bd8776ce40044b9d,W2B - Grafton
a228a97ef114d6a78b52506a67c9e253,Engineering Excellence,c7441aade12d90ffc9ace6af30d1acb8,SEPA-South Eastern Program Alliance
d42e22ad0c7e61532f2aadb56ad77766,CSM - Park Street,c4be8b72fec63bd09c5bac7018dda64b,Engineering Excellence
ca15867ae7cc8314dad2411292cd0686,Engineering Excellence,db61f69b65ff17a862af7d49d6c0ec47,W2B Alignment
471aaf8f3ba7b1a4a3e0ebb7f8434fcd,SEPA-South Eastern Program Alliance,46295749155ab2b7089359d2add77c06,USYD ETP Precinct
9419850900f10f2827d73e3b3682ca77,W2B - Portion A Site Office,44d424f4b6a09fc60338ba0ed99c741f,W2B Alignment
c2e986ff74d5f4a4139e39a851746a1c,CSM - Central,07ae940cdfd1de350229216a112f1334,nan
722d990181194d89807a19d01c7ba63a,North Shore - Portion 7a,2b952f5c00c18a06121f7f28cf3f27b3,Brisbane - McLachlan & Ann
9f0193a3bb0e9590d6d46daa507332d7,CSM - Central,cb55daa7cb3809919582bc05f86989d4,W2B - Portion A Site Office
134a8b3f16a4ba0b6dd99bb41111f79d,Sydney Metro SSJ,03a175711ebe5731657fa7200357a8f6,W2B - Portion A Site Office
7b70ea49c485b4880f7d45e432620db0,Hunter Valley - Maitland Office,e3f0451b89edb6ef31658c1984805f0a,SEPA-South Eastern Program Alliance
647b484181f5a47a689c8360f80784c2,nan,9d7093d5c9d5706cfa65cb977ad3a360,W2B - Grafton
cda5c2bdef51e5c543c4cc4caa961ec5,North Sydney - Mount Street,d80d3ac47fd678f781c15701bb99d682,W2B - Portion C Site Office
0490be56b1afe2f0894360ba7ba69a54,Track Renewals Maintenance,19d5b2e2d023d18b7c32b58f52a38b03,CSM - Central
84ca41176f551057dbfb580e97c660a0,North Sydney - Mount Street,6a8b8012d2a4765b78eec1e9cd48ec71,Brisbane - McLachlan & Ann
18eb8fcd59a72835613e7b75a681fd81,W2B - Portion A Site Office,99d74814be397d4ba778165c0172dc67,nan
0bc55e73d9b012ad86e1ecb1adeea6d0,Sydney Office - 100 Mount St - Level 21,e7b109afe81afeeb0e876a2714c0508b,North Sydney - Mount Street
981989ce2af8f6e3ea20d682db34d52d,CSM - Central,eb7eadb2ef8bdef2799aed1b19c452a1,W2B - Portion A Site Office
2f43d6f74400640558a8b288644ea7b1,CSM - Central,f6c9b82da94212ef087037e620b4bd4c,North Sydney - Mount Street
6f12cfb4ec24f8100ed496b338095e4e,North Sydney - Mount Street,4c7db40a59c7a1462b40cdf26885513e,CSM - Central
e49af8fedca539770bbb580dfe4309dd,nan,235a806d2c3d65b1bce339a1ccdf0efa,Osborne FSP Phase 1 Planning
526f31c8bb362644637f96739bbfa852,North Sydney - Mount Street,43c89eddb6b79e935e8c801631509788,Select (Stapylton)
f1b299db11122ea5bb07d1692a3bbcce,W2B - Grafton,2c25a81816453410e93ab73aa41fc456,W2B - Portion B Site Office
d35b57b774ea7ed05087b73e3b46bc97,North Sydney - Mount Street,bc4dbd70e1f8d6f0cc450edfa126b81a,W2B - Portion D Site Office
f6f1fe1da3ffa30ef819a40232a964a7,CSM - Central,4694b290eb69ddf2c51a8fa1feb0d415,CSM - Central
ea54f80a32e35db247f07c50fe5b678f,North Shore - Portion 7a,be041a2f6a2521168b6ddad28dc79487,North Sydney - Mount Street
62dbbc99d9c34565d85b7d975c2dfb48,North Sydney - Mount Street,6605e3580a1a4abd75bb54e9bf89377a,Darlington Upgrade JV
20c849bcd00138624c5e4f77c3400ff2,W2B,e96c9d86aadbe79ef19dc6ca40d92b43,nan
18b0708d5974df4da46bc0dccd02b09a,Track Renewals Maintenance,102306940c39b3be1cdd0bc653f0254a,Select (Stapylton)
5bbe4b2117dcf0b2868776041f9eaf06,TAP - Station Upgrades,cdd2e455053e4c9874d184326d2f0b35,SEPA-South Eastern Program Alliance
d8a80f015417446b4e832c4c97b4c792,CSM - Central,4568cbd18863ef241bddc440b4698f63,W2B Alignment
f27071ce3b1bcde4bb2ef6c2276a7eaf,Hunter Valley - Maitland Office,384159230817cbf8c2e999ff398509f7,W2B - Grafton
9dc1709d414a5d69bdbf0d9bcf41e6de,TAP - Station Upgrades,cfb7a32a4e26b81a6487e051e170d9ae,Brisbane - McLachlan & Ann
7ad48ee77ff077de43b8ac0eb3dd313b,North Shore - Portion 7a,9fe908a73efd3e278444b150fa2f6fa1,CSM - Central
b431a62b1a259095b7c4674286b9d25b,CSM - Park Street,8ec28c432a31eb45caef16dead68c974,W2B - Portion B Site Office
d147c783e3f88f20c5815645b03cd81f,Osborne FSP Phase 1 Planning,9718123e63f07c1fefa5eacbed3248d3,Track Renewals Maintenance
125f29e6e75b5820a5db900fafe6dc23,CSM - Central,5055d65196bc96b1bf0391208905b4b0,TAP - Station Upgrades
14a6a19513983fde5be550c0fa1e3be1,CSM - Park Street,0b3bf74281980958f229b4c2e83d9e00,Brisbane - McLachlan & Ann
76e0a629939368b7db33ee5ee9b32039,W2B,4e496f9c69f8ace71a0950e549dd15c0,W2B - Portion A Site Office
2c4bc6f4c1f41bef8157c85e9efd2a97,W2B - Grafton,de4693912155bf00665c5eb35002ee65,W2B - Portion B Site Office
f473f2c8d3ea8059447a8c7dbd9d42e3,SEPA-South Eastern Program Alliance,1e180a46f216ac4ffa59e28bd852e039,W2B - Grafton
58c7a2af2c0d45ca172d0e27ddc8eca1,North Sydney - Mount Street,1b4dbbca9b67afb8ae7f544ac419a7dd,W2B - Portion A Site Office
866f0529005467c3ac6334edf8109da2,CSM - Central,1a4d1b5f0e3c89a14d89c82f0d721e1d,W2B
888f2a4c4e8b728c83023fb9f13f250b,Engineering Excellence,d223feb04a5c679eb85fa6156551b957,TAP - Station Upgrades
f18bbbd2e31d8e1f5622f6cfb1ead2e2,CSM - Park Street,f22b4386a64b32a0fe265b63973d0d82,W2B - Portion A Site Office
cba1d28852409ca7551854140d110fd9,Parramatta Light Rail Stage 1,00f8c0e4f0543853019d40efbd726abe,North Shore Corridor Works
398f88a790bf5553ed68b69dce47b7ef,CSM - Central,37443ab7e688f62989577bc08e6a0f82,SEPA-South Eastern Program Alliance
851142e449b8b3b5763956e079ae2973,nan,7650fbabcad076fa40aa9c8c4d16e3f7,Austrak (Rockhampton)
4a9c8ecc0f24c4f5f47d40e26df39c69,North Sydney - Mount Street,f26027a4d925d440427a01f27bccf959,CSM - Central
cdf23c2d4441aa68cc08299a369d81bf,nan,1acf9da9520516c8191ff59c97e32682,W2B - Portion A Site Office
6659137ac8b5f48bb63b4f1440170aa4,SEPA-South Eastern Program Alliance,177f5f4cfaf3d073e7c133d23019a205,CSM - Central
27e155c36c882634b89edfb454863a47,CSM - Park Street,c385f90e1bdbd69a3534f130c20a7b4e,North Shore - Portion 7a
a1bd5472a1b4ef8f8ca79a1d352064c3,CSM - Central,ee3517739a6283a06a223855e998b01a,North Sydney - Mount Street
b72e5a226ca84b4cd1131bbf580b89c2,SEPA-South Eastern Program Alliance,30a6a32527479fcac51adc892797cf15,Perth - Burswood
2a89b7a79e24ba2b82ec0ebbba10fef2,CSM - Central,993b1ed278a64052036c8cc88b43c258,CSM - Central
ffc6949bf0f39f633ee287a80ec0a1ff,SEPA-South Eastern Program Alliance,3f3befd007b6196e3b9e6281c5a99780,Austrak (Geelong)
74115c65adc35cd54880b1d945c9c363,Sydney Office - 100 Mount St - Level 20,1e662fd19dd1529e84b72a3d15285eee,BHP Asset Panel - Goldsworthy Northern Demolition
aa2a9a138d3245c0723d88990d616482,Sydney - Homebush Office,ee0fa94a3f27667d6b109b0187e46c7e,nan
6bca565533995c56aec320a2bf6c7b33,CSM - Central,c52b1fee788754b2f59d39322049f911,Northlink Stage 2 - BGC Office
af428f0284b0a27c7d832132922216ee,Osborne FSP Phase 1 Planning,5c802338fa0150eb1257bcfcbe15fd66,Osborne FSP Phase 1 Planning
fedcbb58cb4b5da46c6a280f13b6a81d,North Sydney - Mount Street,babaa2ed5f59612a882ee1c2e06dfd43,Osborne FSP Phase 1 Planning
f6c9b82da94212ef087037e620b4bd4c,North Sydney - Mount Street,866f0529005467c3ac6334edf8109da2,CSM - Central
3ddfde90589b200d7fabc3692988ed20,nan,6c7f9d50809da276ad8749e6f320154c,North Sydney - Mount Street
d23ca894e1df5434aef3ab61c54a5275,Sydney Metro SSJ,311ca362c772d18a6590a7d5fc6975e9,Brisbane - McLachlan & Ann
2dd198a3a0c442b21da67cc2fdfa6217,Perth - Burswood,c2eb3db6a9ad548840515e174352fede,SEPA-South Eastern Program Alliance
5b31eac3d1d370f68b35ccfb7d0dae79,CSM - Central,d6d96577420bf25207521bc73df2c3f4,Brisbane - McLachlan & Ann
2875de8d7f7a03f44790ff9092fd14da,ACT Law Courts Project,a7e7d79581551fd3e240b49dc483a457,nan
30af7cbe75ca5c7ab8a4dfab525570b2,North Sydney - Mount Street,a12998e4cc2e10274116b5cd0d41cfc9,nan
11dc2c2ea713d243861359dd98f0246b,Engineering Excellence,313845bdfa9ec24964aff352ba4c88d2,Select (Stapylton)
1bc7df23eb3aeb43b0e58b2a1e0a7bef,CSM - Central,7b2673a7bdd9278c785560b702c8d927,Osborne FSP Phase 1 Planning
4accf5b0e989df40acc9d9308d51dfee,Parramatta Light Rail Stage 1,6e1dd0f03d52f7a78be55e1d3193a720,Brisbane - McLachlan & Ann
32818a7890c01347bd16a66ad9e7f2fc,North Sydney - Mount Street,edb9c7c3946bf332bfa04ad6fd343117,Brisbane - McLachlan & Ann
ae53cc6e42c274d5fafb337f8b203348,Perth - Burswood,2591dec1e7e6ae1d0a615be51c275cbf,Wemen Solar Farm
d223feb04a5c679eb85fa6156551b957,TAP - Station Upgrades,ab79386083b7097f5f124987b514a164,Brisbane - McLachlan & Ann
d0fb908db55b49bf641fec0df10cf494,North Sydney - Mount Street,ae3629c4f0d06bc389e4d35661563ab2,nan
ac1151f75b8b5619dbe321e09fbf4add,CSM - Central,8ac8c24e41d2faf8f987da4e33ba35f9,Larrakeyah Barracks Re-dev
1b89b88341edcdc2036783e21548f575,nan,0f1954af80a039e4dd5b499ea9c753e4,North Sydney - Mount Street
d955a57de4d85d997dfa73223cc6d113,W2B - Portion B Site Office,d1ae5cfbe83d7d43033aa22599182105,Brisbane - McLachlan & Ann
27f67dc09670ee57afb18a7ec6a0724c,North Shore - Portion 7a,ae53cc6e42c274d5fafb337f8b203348,Perth - Burswood
cda9018c1f58891ffca79538bcf40579,W2B - Grafton,f47d43951bada68361e3aed0b99b7eca,Larrakeyah Barracks Re-dev
b6331666d6518ac2047fd14d6bb557ba,Hunter Valley - Maitland Office,b532f79d510e3c272f8e618697206a8b,Brisbane - McLachlan & Ann
db81b5d7d6b436e49da9ecaf8c3d03ea,Sydney Metro SSJ,8809b5abcd475a88d611745bf5e8a9b8,Brisbane - McLachlan & Ann
ceba0df0fc6e91c2e95ddf56f6f7e84d,Sydney Metro SSJ,ff24a8b7fe5738b33ceea1de6c96c4a9,Brisbane - McLachlan & Ann
150bca8e834adfb24ea67922cc0c3802,North Sydney - Mount Street,9ccee870792f8253b04e248b76790bdf,Brisbane - McLachlan & Ann
fa51af1a9d12e95f74a3b5e0563fd059,Hunter Valley - Maitland Office,3f45b304929caa73a6b04325128c772d,Perth - Burswood
4a205907afdc6e1c755489c86996fb1f,nan,fcf1d43fecbf07e560a3b72b092a978d,Perth - Burswood
dcdf48e42141a9b78879504f55515102,W2B - Portion C Site Office,d3f43f809e23eecf7240e1d944e07b23,North Sydney - Mount Street
46786854bb7bf3b8124847838d6f551f,CSM - Central,d78518102e6aa5e83931333bfbaba76d,Larrakeyah Barracks Re-dev
ca89195b112c9f9ca2271bbdbb7f9be9,CSM - Central,e0de0ddc9d05adebf85894d1f40cef38,W2B - Portion D Site Office
847c2a8c8a2e1dee638166530ac73260,North Shore - Portion 7a,56242658359264e73ab8db989e0bd746,Brisbane - McLachlan & Ann
19c4e13899cedf7496422613a38767a7,North Sydney - Mount Street,ae7fe5301206373514a76456f1219d90,BHP ASSET PANEL – LOWER LEVEL BRIDGE REPLACEMENT D&C
a964188da9f5cd66b7024fb22e1c82e0,Sydney - Homebush Office,ed68918bd6dee897e64605091570d6ba,Manchester
2a1d7a0df10a27d9f23601cd34ebdd0c,Victoria - Head Office,e6f7d4297c724c04b3e9dd23436a3f34,Northlink Stage 2 - BGC Office
8b686e3875b47f619e33a913838debc6,SEPA-South Eastern Program Alliance,777e5d6661cfa15c9b2594f8a6d9592c,Austrak (Geelong)
1b348a44a02be792e8b9bb35fb6850f4,W2B - Portion B Site Office,9cee0df3494446de57ac42841f626750,North Sydney - Mount Street
3754d125ba32f25cbf579c94cf8c167b,CSM - Central,647ced1c8e6f094adf0ab20c7a1ed7f5,nan
13bca298fe663df759c27c8df0db7110,nan,919b376ffd39cb1dc6bacfc9eb9ed2c5,Northlink Stage 2 - BGC Office
df12fb0b9f77f7f76a2c0577e841c99f,Hunter Valley - Maitland Office,cfc8540a69652969192a9516127750fd,Brisbane - McLachlan & Ann
a64d2e6d97101c7861c950697e161e37,Novo Rail Alliance,5e9a72435da952de73d7e64a42c2e464,Brisbane - McLachlan & Ann
f27f0a74cec6ef4ff85fca78aac2e926,nan,dc3b7667d777f67fba9f8fe7f5382a37,Perth - Burswood
a778022cf6ff9ce488a2b21d31daf706,nan,3386a8c5a8400434a48f1951a061ec09,Northlink Stage 2 - BGC Office
0496f7711fcf348a9b9e86b6524a4c55,ACT Law Courts Project,51a8b6c5bd8f6524ed1cf78ca609f3e0,Northlink Stage 2 - BGC Office
189ea1595d8c3d3d6c00ae4c1796b94b,North Sydney - Mount Street,b01a14f19f03b44eab3851c01e518794,nan
08f13e7ed935d277c05161546fd32e2a,University of Sydney Project,b126aa9ce03578532587f75ce01a7c7c,Brisbane - McLachlan & Ann
646f4a9da93e7f48a3b6415346f0f177,nan,31547665fd6f01315a9d1f1b5f110ff9,BHP Asset Panel - Goldsworthy Northern Demolition
b39456aa873c29498fe5b45aae564dc8,Parramatta Light Rail Stage 1,18c805f22599689f11e1650f2931f242,nan
23ce2cb6f4142d733c6f1f3fb2c6ab76,Sydney - Homebush Office,59c8831fd1cca8bd574d1dcee02a0664,Larrakeyah Barracks Re-dev
0485f59d8fd7d2be224c356280b0f99a,University of Sydney Project,cc4343390be36a27a300a08d8d27978a,nan
fb2b9c4b865b7eb2ba27ba1fd0b70527,Sydney - Homebush Office,11a76a7758a5f7e45552535372a77b05,nan
aeca6b60f00c1260e16fa8852e9751ec,SEPA-South Eastern Program Alliance,1ec000701b382eeb1be39a843d41e931,Larrakeyah Barracks Re-dev
21ef659eb3aaeb6d332c1ba188019954,W2B - Portion C Site Office,a58a579ae8165d76889e8e55d5406e4f,Brisbane - McLachlan & Ann
a2e3e90ce007c1c49158d95eeb494271,CSM - Central,2cce767b5ce130c4d9e3d8a3c5a17cc3,Victoria - Head Office
d13f592cdc7f827c8e019a0e6c15309f,North Sydney - Mount Street,a0095aa56f4eff9f0a1e3e6fb77b7b42,North Sydney - Mount Street
6f629273999dca1703f51301c81123bc,CSM - Central,6db419d2a75c275896d4a3b0892edaf6,Select (Stapylton)
1f43d48ae08b2b98d70f242f529775be,North Sydney - Mount Street,52cad7da9cde4c7138512e21d8c8d176,Austrak (Rockhampton)
fc904e3e1c2007805e15927b7ce6957b,North Shore - Portion 7a,a78b2874634094a5748c91eb7690d311,Brisbane - McLachlan & Ann
f7f2f9ff693c313ee924ba6a0fb0363c,W2B - Portion C Site Office,42ca2d29bdfe06c0f428003f2bc38518,BHP ASSET PANEL – LOWER LEVEL BRIDGE REPLACEMENT D&C
bbc1f0764f25c85c70bdc90678fceca5,W2B - Portion C Site Office,800cb08c7f4219e66796f049561f6f95,Hunter Valley - Maitland Office
b4e73a03de020faa96b945dc61bd256d,North Shore - Portion 7a,a8db7113dc8a82635b72465e9af6b81a,North Sydney - Mount Street
adcd04e5e1044b7116053a65c4a1338b,North Sydney - Mount Street,83f24c30aaf4adafca1e7457fd43bb03,Select (Stapylton)
00f8c0e4f0543853019d40efbd726abe,North Shore Corridor Works,4271ae2144b9751c1a1109671d5924a2,Brisbane - McLachlan & Ann
8ba456f1837fbcd02887c3f65b73ae11,nan,618cbefd66fc46deaef2001f2600f012,Brisbane - McLachlan & Ann
90415ae118294825dd43ea9ba915c8e8,North Sydney - Mount Street,8295433a3cfd8ee57de458f4f60738af,nan
447ea0b0dd79cbe84271355155940e12,USYD ETP Precinct,b5f72a43f9ba318e40284906cd417e47,nan
79089e7170b4f06b064adf5229a56ae0,CSM - Central,391db94ba660dfafd4f1c6a4bdf0422a,Austrak (Rockhampton)
faee456eac3ec8e05d29e825580f117e,North Sydney - Mount Street,30a0eee6592d61c5206c324ed6cfa010,Select (Stapylton)
6b9d99a770ba5f92e6e62fb61134345c,Brisbane - McLachlan & Ann,11f0a1e0e3b68cc5ae3db46183351f2e,Brisbane - McLachlan & Ann
d751ce1d96c799635ba3fd1783a710ee,North Sydney - Mount Street,3e020b172ba7261b375cac7a799448fb,Brisbane - McLachlan & Ann
c2eb3db6a9ad548840515e174352fede,SEPA-South Eastern Program Alliance,a52962ecca47fe9d906e95ceb69bdd32,North Shore - Portion 7a
3c88834a78ee77f589e69a372656a7f1,Track Renewals Maintenance,c2e0735ca585f3b213d6eb589c351834,Select (Stapylton)
153268e05cf87a4c657eac92dcf7efb7,Track Renewals Maintenance,0a6533fa3f795deccb36057c14feb970,North Sydney - Mount Street
ca75c1117b8ad8951acfa58c1ea853e6,Track Renewals Maintenance,17dee7f2991e2714fb5fe8164bc95270,Northlink Stage 2 - BGC Office
d3b5204085eaad648e9af7a682b27024,North Sydney - Mount Street,949cc924f9e715d11f2e2a07a61f2356,Austrak (Geelong)
9315fbdc818f448e87632c3f101cccbe,nan,8295d8c388a54f1cb02333e40c6a83e3,Select (Stapylton)
5d5018e59720af1cbf8ac59d002259fa,W2B - Grafton,7285019568365fe30317be3a88817aa9,nan
48223f1bcabf286a79d9eda99dcac21e,University of Sydney Project,e0fcdb13f42708d637cae11b7eca5d85,Brisbane - McLachlan & Ann
8c09b20637bc2ac7e051f7f3b4668e66,CSM - Park Street,8a57f6caa2b4532eaa517022f794e6ef,NOVO
5992975042d8e0672dcb438e342ba6d4,nan,1c15befd6fde36c16fdb879693d7c146,nan
2977c7c03455917542db38f17aa899bf,Brisbane - McLachlan & Ann,032fc279dd8594c98539f5eeff041171,North Sydney - Mount Street
f8db6a92a5eb0f02211a7b9fe2b251e2,North Shore - Portion 7a,d94525989d82f825497776dcdf9b62bd,Brisbane - McLachlan & Ann
20fe60925bac712fbcf77edd2fb0bcbd,nan,19c401b71295a75c7480dd30315b7863,Brisbane - McLachlan & Ann
a723b9574f04abd9b1fff8de8cf922c5,Sydney - Homebush Office,b9d2aa243ee9ba91c03151b521fc8bcf,North Sydney - Mount Street
f6446e4cf05bcc915a9483ee7f896ed4,USYD ETP Precinct,636a9c62ddafa339d92049626c1a5c1d,Brisbane - McLachlan & Ann
88d2810b06d9bbd5cf5e0ad503368b7e,W2B - Portion B Site Office,04ab4876868b0b4f5e71b18b66f75aa1,Battlefield Airlifter Project
e314f8dcd940141d02c2a5c633a8eb6c,W2B - Portion D Site Office,296b10e3b4f356b25510875abf95992a,University of Sydney Project
8a0024144ca6e4efccba1cda3ccd7596,W2B Alignment,dab41a47ce078ac51b3dbba5bd2966c6,Brisbane - McLachlan & Ann
5842d81aa1e17b2d4ac56c41d6a87f60,nan,380c77de4f3151ffa6852744a89a50da,Sydney - Homebush Office
6605e3580a1a4abd75bb54e9bf89377a,Darlington Upgrade JV,6f8331916fbb4ddfdfe6da9c0b424cdf,Larrakeyah Barracks Re-dev
046e722a209625773e19cacb17a8de53,nan,11c413413386796f15dd5e256420250f,Larrakeyah Barracks Re-dev
fb13c2ae9ec570fc7d924c8da41ad189,ACT Law Courts Project,45c1e6785a83d6fd907727d1fa3d8bea,nan
20a547ca5da9c4a699df85284ba41cc4,W2B - Grafton,8ec0946f05b73b9e1ae0830ac444e485,North Sydney - Mount Street
ad29d17afffad937ad898f0860c68140,nan,ffc6949bf0f39f633ee287a80ec0a1ff,SEPA-South Eastern Program Alliance
5e09b4b486097aba39aef72ecb13fa12,NEPA Project Office,40bed06d0119c8f523eeb8b37088fde4,nan
92c1dbb34ae6411fb819b1cc433c6693,W2B - Portion C Site Office,796f8088e2b59f59bf0984fd11059af1,Brisbane - McLachlan & Ann
384159230817cbf8c2e999ff398509f7,W2B - Grafton,95b52498c5513d21b932fbbe64bc4058,Track Renewals Maintenance
b1db3e65c6cf4206a0f66273d5d8dbd4,W2B Alignment,b37e47b9c83530059979e1d19f166d8b,nan
9fc99a173984caecd23368f179111acd,W2B - Portion A Site Office,723f7086e3a45f0ed7f6e5f17b35f3c9,Brisbane - McLachlan & Ann
db61f69b65ff17a862af7d49d6c0ec47,W2B Alignment,f7637e539c5064c9b2e5cb9893261bad,Larrakeyah Barracks Re-dev
8b45177d71f9858ef9e471a8257f3b7f,Select (Stapylton),e908d363b6794d9a8b2083aa2240c778,Brisbane - McLachlan & Ann
a9124efd744d7bc7d97319b779de4b63,CSM - Central,63eaadf20b782c6fd7fa6ecd0be2da3a,Dartford
39b59232cb49088bc9cebfa007c6ed05,W2B - Portion A Site Office,ca89195b112c9f9ca2271bbdbb7f9be9,CSM - Central
b49a0d03d0b15ac5667cf24fca206016,W2B - Portion C Site Office,c0c3d82aee74aa093b4d43206056b8fa,North Sydney - Mount Street
8b57368935ceca80865733c09a7edb4c,North Shore - Portion 7a,b019b9763e9832890266e5091f2686f1,Brisbane - McLachlan & Ann
255f41ff568c027f3926b111d43c2dda,CSM - Central,bbc1f0764f25c85c70bdc90678fceca5,W2B - Portion C Site Office
de4693912155bf00665c5eb35002ee65,W2B - Portion B Site Office,dae67a76065416f0bfd43bb6afe2e146,BHP ASSET PANEL – LOWER LEVEL BRIDGE REPLACEMENT D&C
a5c98eda50ee904dbe5f53b51060c495,nan,a44b1c0a4c6eed5db148e9b19829b360,W2B - Portion B Site Office
43d146ef1fe4be230e119652b6ad43df,W2B - Horizontal Packages,979e75957027cdeceaf575c0bddd847b,CSM - Central
